Mã công ty,Năm,Lợi nhuận gộp,Tổng cộng tài sản/Tổng tài sản,Tổng nợ phải trả,Nợ ngắn hạn,Nợ dài hạn,Doanh thu thuần,Lưu chuyển tiền tệ từ hoạt động kinh doanh,Lưu chuyển tiền tệ từ hoạt động đầu tư,Lưu chuyển tiền tệ từ hoạt động tài chính,Gross Profit Margin,Net Profit Margin,OPM,Debt-to-Asset
AAA,2021,1300000000000.00,10000000000000.00,4560000000000.00,3280000000000.00,1270000000000.00,13100000000000.00,444000000000.00,-150000000000.00,739000000000.00,0.10,0.02,0.03,0.46
AAA,2022,1090000000000.00,10800000000000.00,4620000000000.00,3210000000000.00,1420000000000.00,15300000000000.00,97095210426.00,-1090000000000.00,631000000000.00,0.07,0.01,0.01,0.43
AAA,2023,1110000000000.00,11600000000000.00,5620000000000.00,3740000000000.00,1880000000000.00,12600000000000.00,2620000000000.00,-1600000000000.00,-236000000000.00,0.09,0.02,0.03,0.49
AAA,2024,1480000000000.00,13800000000000.00,7530000000000.00,4130000000000.00,3400000000000.00,12800000000000.00,959000000000.00,-1420000000000.00,423000000000.00,0.12,0.03,0.04,0.55
AAA,2025,1490000000000.00,12900000000000.00,6810000000000.00,3280000000000.00,3530000000000.00,10700000000000.00,978000000000.00,-1510000000000.00,-287000000000.00,0.14,0.04,0.05,0.53
ABS,2021,58431462035.00,1590000000000.00,667000000000.00,666000000000.00,392500000.00,1200000000000.00,-563000000000.00,21487831260.00,542000000000.00,0.05,0.05,0.07,0.42
ABS,2022,87751610949.00,1670000000000.00,764000000000.00,762000000000.00,1177500000.00,1610000000000.00,-60702561918.00,-2050710512.00,63085417000.00,0.05,0.01,0.02,0.46
ABS,2023,38697973956.00,1580000000000.00,665000000000.00,664000000000.00,937500000.00,1030000000000.00,-455000000000.00,434000000000.00,18500844157.00,0.04,0.01,0.02,0.42
ABS,2024,6033564784.00,1000000000000.00,85186545200.00,84489045200.00,697500000.00,396000000000.00,461000000000.00,71041068502.00,-533000000000.00,0.02,0.01,0.03,0.09
ABS,2025,6025548231.00,489000000000.00,87371292237.00,86911292237.00,460000000.00,170000000000.00,-3082896479.00,150441014.00,4083717723.00,0.04,-3.03,-3.02,0.18
ACG,2021,896000000000.00,4980000000000.00,1210000000000.00,1200000000000.00,9547656097.00,3290000000000.00,170000000000.00,-308000000000.00,183000000000.00,0.27,0.14,0.16,0.24
ACG,2022,1340000000000.00,5470000000000.00,1550000000000.00,1540000000000.00,12670226882.00,4480000000000.00,388000000000.00,72604936185.00,-172000000000.00,0.30,0.14,0.17,0.28
ACG,2023,1110000000000.00,5520000000000.00,1450000000000.00,1430000000000.00,15020821910.00,3760000000000.00,614000000000.00,-722000000000.00,-213000000000.00,0.29,0.11,0.14,0.26
ACG,2024,1250000000000.00,5640000000000.00,1460000000000.00,1450000000000.00,12810074337.00,3980000000000.00,644000000000.00,-336000000000.00,-220000000000.00,0.31,0.11,0.14,0.26
ACG,2025,1350000000000.00,6970000000000.00,2560000000000.00,2360000000000.00,207000000000.00,4610000000000.00,-377000000000.00,306000000000.00,303000000000.00,0.29,0.11,0.14,0.37
ADP,2021,91660254069.00,331000000000.00,52864665516.00,52864665516.00,0.00,415000000000.00,36091114589.00,4442676628.00,-45860515400.00,0.22,0.12,0.15,0.16
ADP,2022,89151404902.00,359000000000.00,84167434784.00,84167434784.00,0.00,587000000000.00,38054743952.00,3714345664.00,-41587323300.00,0.15,0.07,0.09,0.23
ADP,2023,99537617172.00,381000000000.00,94138398232.00,94138398232.00,0.00,516000000000.00,43739575382.00,8060617182.00,-44031304846.00,0.19,0.11,0.14,0.25
ADP,2024,160000000000.00,355000000000.00,83024281255.00,83024281255.00,0.00,818000000000.00,51984720854.00,32325665566.00,-93066360984.00,0.20,0.10,0.13,0.23
ADP,2025,129000000000.00,348000000000.00,82755382186.00,82755382186.00,0.00,652000000000.00,91530992875.00,-26659349343.00,-59122947150.00,0.20,0.12,0.15,0.24
APH,2021,1700000000000.00,12300000000000.00,6390000000000.00,4170000000000.00,2220000000000.00,14800000000000.00,425000000000.00,-613000000000.00,1240000000000.00,0.11,0.02,0.02,0.52
APH,2022,1520000000000.00,12600000000000.00,6300000000000.00,4240000000000.00,2060000000000.00,17300000000000.00,253000000000.00,-733000000000.00,286000000000.00,0.09,0.00,0.01,0.50
APH,2023,1430000000000.00,12400000000000.00,6650000000000.00,4660000000000.00,1980000000000.00,14500000000000.00,2780000000000.00,-1350000000000.00,-943000000000.00,0.10,0.02,0.02,0.54
APH,2024,1780000000000.00,13400000000000.00,7530000000000.00,4110000000000.00,3410000000000.00,14200000000000.00,1050000000000.00,-1060000000000.00,-85652807083.00,0.13,0.02,0.04,0.56
APH,2025,1500000000000.00,12600000000000.00,6810000000000.00,3280000000000.00,3530000000000.00,10700000000000.00,990000000000.00,-1560000000000.00,-229000000000.00,0.00,0.00,0.00,0.54
BFC,2021,905000000000.00,3850000000000.00,2490000000000.00,2440000000000.00,50966641866.00,7740000000000.00,-260000000000.00,-50892473133.00,135000000000.00,0.12,0.04,0.05,0.65
BFC,2022,888000000000.00,4300000000000.00,2940000000000.00,2920000000000.00,21700266627.00,8580000000000.00,-112000000000.00,-95655747409.00,505000000000.00,0.10,0.02,0.03,0.68
BFC,2023,908000000000.00,3450000000000.00,2170000000000.00,2160000000000.00,9600186993.00,8590000000000.00,828000000000.00,-27409832724.00,-734000000000.00,0.11,0.02,0.02,0.63
BFC,2024,1390000000000.00,3280000000000.00,1760000000000.00,1740000000000.00,16864881916.00,9360000000000.00,996000000000.00,-76112086826.00,-901000000000.00,0.15,0.05,0.06,0.54
BFC,2025,1330000000000.00,3970000000000.00,2270000000000.00,2270000000000.00,5456188526.00,10600000000000.00,-732000000000.00,-69815171241.00,425000000000.00,0.12,0.04,0.05,0.57
BKG,2021,39339829873.00,463000000000.00,62326987407.00,59238722407.00,3088265000.00,367000000000.00,36631241537.00,-16038624690.00,-2210932656.00,0.11,0.06,0.08,0.13
BKG,2022,41952110667.00,924000000000.00,52891718178.00,51489485178.00,1402233000.00,385000000000.00,-180000000000.00,-52209535469.00,222000000000.00,0.11,0.07,0.08,0.06
BKG,2023,24299140215.00,915000000000.00,33537190949.00,31849229949.00,1687961000.00,186000000000.00,193000000000.00,-139000000000.00,-2011272000.00,0.13,0.06,0.08,0.04
BKG,2024,28136675149.00,797000000000.00,44768337690.00,44750468690.00,17869000.00,289000000000.00,-50244637453.00,-2141511933.00,14778021969.00,0.10,0.05,0.07,0.06
BKG,2025,26209683347.00,814000000000.00,51645786787.00,51375786787.00,270000000.00,234000000000.00,-52289453293.00,46168251710.00,2667841349.00,0.11,0.04,0.06,0.06
BMC,2021,41056436086.00,244000000000.00,35404296143.00,35404296143.00,0.00,137000000000.00,80172526657.00,-3591383696.00,0.00,0.30,0.13,0.16,0.15
BMC,2022,43434225923.00,239000000000.00,21479143618.00,21479143618.00,0.00,183000000000.00,58310975791.00,-47229307901.00,-19828208000.00,0.24,0.12,0.14,0.09
BMC,2023,49426416192.00,251000000000.00,22467234052.00,22467234052.00,0.00,180000000000.00,-11051905677.00,-4748530385.00,-11153367000.00,0.27,0.13,0.17,0.09
BMC,2024,53809562358.00,257000000000.00,20246329163.00,20246329163.00,0.00,195000000000.00,6202163117.00,6702699694.00,-14251524500.00,0.28,0.13,0.16,0.08
BMC,2025,26761174038.00,242000000000.00,14169913147.00,14169913147.00,0.00,120000000000.00,-2175153718.00,7904895756.00,-16110419000.00,0.22,0.10,0.12,0.06
C32,2021,72148510909.00,973000000000.00,389000000000.00,351000000000.00,38391667500.00,516000000000.00,-13403855921.00,130000000000.00,-92899849612.00,0.14,0.15,0.16,0.40
C32,2022,61747511154.00,1010000000000.00,423000000000.00,394000000000.00,29103267500.00,572000000000.00,-105000000000.00,-2963009361.00,92083194986.00,0.11,0.04,0.03,0.42
C32,2023,47395165237.00,865000000000.00,329000000000.00,329000000000.00,0.00,494000000000.00,-9956971274.00,90191296995.00,-115000000000.00,0.10,-0.05,-0.06,0.38
C32,2024,58006832946.00,789000000000.00,245000000000.00,245000000000.00,37931769.00,627000000000.00,61428228736.00,1155064018.00,-76747344255.00,0.09,0.01,0.01,0.31
C32,2025,77506392838.00,838000000000.00,270000000000.00,270000000000.00,41021957.00,547000000000.00,19453749433.00,-11279467217.00,26486922539.00,0.14,0.05,0.07,0.32
CSV,2021,412000000000.00,1460000000000.00,296000000000.00,296000000000.00,0.00,1580000000000.00,142000000000.00,24150718350.00,-98982628867.00,0.26,0.14,0.17,0.20
CSV,2022,660000000000.00,1720000000000.00,290000000000.00,290000000000.00,0.00,2100000000000.00,248000000000.00,-222000000000.00,-17561020985.00,0.31,0.19,0.24,0.17
CSV,2023,409000000000.00,1720000000000.00,286000000000.00,286000000000.00,0.00,1590000000000.00,328000000000.00,-189000000000.00,-222000000000.00,0.26,0.15,0.18,0.17
CSV,2024,505000000000.00,1860000000000.00,305000000000.00,305000000000.00,0.00,1860000000000.00,231000000000.00,-66115182889.00,-99814360752.00,0.27,0.14,0.18,0.16
CSV,2025,541000000000.00,2060000000000.00,437000000000.00,421000000000.00,15751619921.00,2160000000000.00,64779546189.00,-49621230796.00,-96050418410.00,0.25,0.11,0.13,0.21
CVT,2021,246000000000.00,2430000000000.00,1650000000000.00,938000000000.00,713000000000.00,1440000000000.00,202000000000.00,-1190000000000.00,921000000000.00,0.17,0.07,0.08,0.68
CVT,2022,342000000000.00,3370000000000.00,2500000000000.00,1320000000000.00,1180000000000.00,2020000000000.00,-121000000000.00,-236000000000.00,446000000000.00,0.17,0.05,0.06,0.74
CVT,2023,306000000000.00,3310000000000.00,2400000000000.00,1380000000000.00,1020000000000.00,1830000000000.00,-62529833795.00,8422959543.00,49681116280.00,0.17,0.02,0.04,0.72
CVT,2024,263000000000.00,3330000000000.00,2360000000000.00,1680000000000.00,682000000000.00,1710000000000.00,267000000000.00,10729268407.00,-135000000000.00,0.15,0.03,0.05,0.71
CVT,2025,222000000000.00,3150000000000.00,2130000000000.00,1500000000000.00,635000000000.00,2110000000000.00,101000000000.00,271000000000.00,-324000000000.00,0.11,0.02,0.02,0.68
DCM,2021,2780000000000.00,11100000000000.00,3590000000000.00,3190000000000.00,407000000000.00,9870000000000.00,2570000000000.00,-2100000000000.00,-549000000000.00,0.28,0.19,0.20,0.32
DCM,2022,5700000000000.00,14200000000000.00,3560000000000.00,2870000000000.00,687000000000.00,15900000000000.00,5730000000000.00,-2380000000000.00,-1630000000000.00,0.36,0.27,0.29,0.25
DCM,2023,2030000000000.00,15200000000000.00,5270000000000.00,4520000000000.00,757000000000.00,12600000000000.00,2310000000000.00,-1470000000000.00,-754000000000.00,0.16,0.09,0.10,0.35
DCM,2024,2510000000000.00,15700000000000.00,5550000000000.00,4680000000000.00,871000000000.00,13500000000000.00,77549319891.00,141000000000.00,-625000000000.00,0.19,0.11,0.10,0.35
DCM,2025,4050000000000.00,17600000000000.00,6850000000000.00,5940000000000.00,914000000000.00,16600000000000.00,-776000000000.00,2590000000000.00,-127000000000.00,0.24,0.11,0.13,0.39
DGC,2021,3180000000000.00,8520000000000.00,2190000000000.00,2190000000000.00,100000000.00,9550000000000.00,2620000000000.00,-2240000000000.00,-537000000000.00,0.33,0.26,0.28,0.26
DGC,2022,6750000000000.00,13400000000000.00,2570000000000.00,2570000000000.00,100000000.00,14400000000000.00,5940000000000.00,-3830000000000.00,-697000000000.00,0.47,0.42,0.44,0.19
DGC,2023,3440000000000.00,15600000000000.00,3560000000000.00,3490000000000.00,70274856218.00,9750000000000.00,2780000000000.00,-2340000000000.00,-920000000000.00,0.35,0.33,0.36,0.23
DGC,2024,3450000000000.00,15800000000000.00,2120000000000.00,2050000000000.00,66899372796.00,9860000000000.00,3120000000000.00,-1150000000000.00,-2910000000000.00,0.35,0.32,0.35,0.13
DGC,2025,3550000000000.00,19600000000000.00,4140000000000.00,4080000000000.00,63616872045.00,11300000000000.00,2040000000000.00,-1760000000000.00,648000000000.00,0.32,0.28,0.32,0.21
DHA,2021,95056105541.00,531000000000.00,62638416897.00,57112905017.00,5525511880.00,337000000000.00,138000000000.00,2724920998.00,-44183949300.00,0.28,0.27,0.32,0.12
DHA,2022,103000000000.00,491000000000.00,49046475371.00,43092760650.00,5953714721.00,388000000000.00,-99593876.00,1061749373.00,-73636095300.00,0.27,0.13,0.17,0.10
DHA,2023,105000000000.00,469000000000.00,58327753502.00,51926646930.00,6401106572.00,375000000000.00,169000000000.00,3232844999.00,-117000000000.00,0.28,0.23,0.30,0.12
DHA,2024,86727346067.00,470000000000.00,43239895336.00,36524473442.00,6715421894.00,296000000000.00,-102000000000.00,101000000000.00,-29452146000.00,0.29,0.17,0.26,0.09
DHA,2025,145000000000.00,543000000000.00,54314043343.00,42654648724.00,11659394619.00,404000000000.00,77221764454.00,-72111998615.00,-44162123343.00,0.36,0.27,0.33,0.10
DHC,2021,673000000000.00,2400000000000.00,704000000000.00,704000000000.00,0.00,4160000000000.00,317000000000.00,-189000000000.00,-232000000000.00,0.16,0.12,0.12,0.29
DHC,2022,611000000000.00,2880000000000.00,1130000000000.00,1130000000000.00,0.00,3930000000000.00,304000000000.00,-48250226302.00,-164000000000.00,0.16,0.10,0.11,0.39
DHC,2023,504000000000.00,2920000000000.00,1060000000000.00,1060000000000.00,696922421.00,3260000000000.00,241000000000.00,-165000000000.00,-17792095918.00,0.15,0.09,0.11,0.36
DHC,2024,426000000000.00,3240000000000.00,1240000000000.00,1240000000000.00,5500000000.00,3600000000000.00,656000000000.00,-322000000000.00,-10858938801.00,0.12,0.07,0.08,0.38
DHC,2025,587000000000.00,3580000000000.00,1370000000000.00,1370000000000.00,0.00,3630000000000.00,465000000000.00,-600000000000.00,-27877618591.00,0.16,0.11,0.12,0.38
DHM,2021,42117422504.00,536000000000.00,191000000000.00,191000000000.00,0.00,1400000000000.00,18267184618.00,9297937184.00,-20141035266.00,0.03,0.05,0.05,0.36
DHM,2022,25377917488.00,543000000000.00,197000000000.00,196000000000.00,1000000000.00,1440000000000.00,-22058865211.00,8537707854.00,-1437824162.00,0.02,0.00,0.00,0.36
DHM,2023,30836292632.00,932000000000.00,580000000000.00,580000000000.00,0.00,2730000000000.00,-162000000000.00,-53382494958.00,212000000000.00,0.01,0.00,0.00,0.62
DHM,2024,26315834348.00,980000000000.00,625000000000.00,625000000000.00,0.00,3430000000000.00,-29723842388.00,-147000000000.00,183000000000.00,0.01,0.00,0.00,0.64
DHM,2025,37881120145.00,1270000000000.00,910000000000.00,910000000000.00,0.00,2900000000000.00,225000000000.00,-42603965611.00,-117000000000.00,0.01,0.00,0.00,0.72
DPM,2021,4790000000000.00,13900000000000.00,3200000000000.00,2150000000000.00,1050000000000.00,12800000000000.00,2520000000000.00,-1320000000000.00,-702000000000.00,0.37,0.25,0.29,0.23
DPM,2022,7840000000000.00,17700000000000.00,3680000000000.00,3000000000000.00,686000000000.00,18600000000000.00,4960000000000.00,-3230000000000.00,-2180000000000.00,0.42,0.30,0.35,0.21
DPM,2023,1650000000000.00,13300000000000.00,1760000000000.00,1480000000000.00,280000000000.00,13600000000000.00,945000000000.00,1680000000000.00,-3460000000000.00,0.12,0.04,0.05,0.13
DPM,2024,1900000000000.00,16600000000000.00,5370000000000.00,5200000000000.00,174000000000.00,13500000000000.00,948000000000.00,-3810000000000.00,2620000000000.00,0.14,0.04,0.05,0.32
DPM,2025,2940000000000.00,17800000000000.00,6240000000000.00,6030000000000.00,215000000000.00,16600000000000.00,-1780000000000.00,1800000000000.00,142000000000.00,0.18,0.07,0.08,0.35
DPR,2021,430000000000.00,4030000000000.00,1290000000000.00,465000000000.00,824000000000.00,1220000000000.00,707000000000.00,-313000000000.00,-165000000000.00,0.35,0.39,0.29,0.32
DPR,2022,367000000000.00,4200000000000.00,1230000000000.00,356000000000.00,874000000000.00,1210000000000.00,283000000000.00,-346000000000.00,-220000000000.00,0.30,0.24,0.26,0.29
DPR,2023,274000000000.00,4260000000000.00,1200000000000.00,239000000000.00,965000000000.00,1040000000000.00,230000000000.00,-86279957371.00,-136000000000.00,0.26,0.24,0.26,0.28
DPR,2024,390000000000.00,4490000000000.00,1250000000000.00,256000000000.00,998000000000.00,1220000000000.00,357000000000.00,-232000000000.00,-130000000000.00,0.32,0.26,0.26,0.28
DPR,2025,462000000000.00,4750000000000.00,1380000000000.00,303000000000.00,1070000000000.00,1190000000000.00,289000000000.00,-161000000000.00,-174000000000.00,0.39,0.29,0.32,0.29
DTL,2021,162000000000.00,1890000000000.00,823000000000.00,821000000000.00,1838800000.00,1380000000000.00,494000000000.00,-44714232232.00,-448000000000.00,0.12,0.04,0.07,0.44
DTL,2022,38403486886.00,2370000000000.00,1460000000000.00,1410000000000.00,47521290630.00,1610000000000.00,-767000000000.00,-11095613631.00,776000000000.00,0.02,-0.09,-0.04,0.62
DTL,2023,-35734912147.00,2070000000000.00,1320000000000.00,1250000000000.00,70229644490.00,1970000000000.00,239000000000.00,28527633028.00,-245000000000.00,-0.02,-0.08,-0.08,0.64
DTL,2024,-5236455542.00,2120000000000.00,1360000000000.00,1300000000000.00,61574307284.00,1970000000000.00,32624931605.00,14289390979.00,-68707999404.00,0.00,0.00,-0.06,0.64
DTL,2025,-35462256532.00,1950000000000.00,1350000000000.00,1280000000000.00,71909581972.00,1860000000000.00,-72782870818.00,-41837966621.00,116000000000.00,-0.02,-0.09,-0.07,0.69
DTT,2021,19026668147.00,152000000000.00,30785761334.00,30278841334.00,506920000.00,157000000000.00,4161579586.00,-10303253517.00,-18356677078.00,0.12,0.02,0.04,0.20
DTT,2022,25013573776.00,167000000000.00,37472008463.00,36965088463.00,506920000.00,187000000000.00,18338233741.00,-9035320001.00,4819350810.00,0.13,0.05,0.07,0.22
DTT,2023,26604685505.00,171000000000.00,41163074775.00,40656154775.00,506920000.00,171000000000.00,9320970266.00,-11856590476.00,-3663142849.00,0.16,0.05,0.06,0.24
DTT,2024,33601132622.00,181000000000.00,47228003817.00,46721083817.00,506920000.00,197000000000.00,22666789036.00,-11660022312.00,-1933003214.00,0.17,0.06,0.08,0.26
DTT,2025,35342197821.00,186000000000.00,46093265117.00,44225678679.00,1867586438.00,206000000000.00,15808516354.00,-3984236381.00,-14750730892.00,0.17,0.06,0.08,0.25
DXV,2021,10080351336.00,130000000000.00,18980259843.00,18980259843.00,0.00,194000000000.00,-7206397680.00,9866111367.00,0.00,0.05,0.00,-0.04,0.15
DXV,2022,14854906611.00,137000000000.00,26432763439.00,26432763439.00,0.00,223000000000.00,-2623395386.00,793627140.00,0.00,0.07,0.00,0.00,0.19
DXV,2023,8735086210.00,131000000000.00,28583790280.00,28583790280.00,0.00,170000000000.00,1771596927.00,591955307.00,0.00,0.05,-0.05,-0.05,0.22
DXV,2024,8036668865.00,124000000000.00,27552150980.00,27552150980.00,0.00,178000000000.00,9395796849.00,-5763604950.00,0.00,0.05,-0.03,-0.04,0.22
DXV,2025,17917412652.00,123000000000.00,25353643985.00,25353643985.00,0.00,207000000000.00,4436320958.00,-8230244249.00,0.00,0.09,0.00,0.00,0.21
FCM,2021,50046381615.00,806000000000.00,241000000000.00,241000000000.00,471200000.00,599000000000.00,53695585920.00,-7494834212.00,-18711381327.00,0.08,0.02,0.03,0.30
FCM,2022,55234771883.00,834000000000.00,262000000000.00,262000000000.00,285000000.00,591000000000.00,57640840277.00,-32152676252.00,-28178237085.00,0.09,0.04,0.04,0.31
FCM,2023,55273656678.00,808000000000.00,223000000000.00,223000000000.00,286000000.00,459000000000.00,1289370360.00,-1733161100.00,-145548823.00,0.12,0.03,0.04,0.28
FCM,2024,48644837791.00,632000000000.00,96703717478.00,96416717478.00,287000000.00,469000000000.00,75626149874.00,-2755201041.00,-102000000000.00,0.10,0.00,0.01,0.15
FCM,2025,45407625767.00,646000000000.00,92657635896.00,92438635896.00,219000000.00,462000000000.00,26597390370.00,2397492208.00,0.00,0.10,0.04,0.05,0.14
GEL,2021,1270000000000.00,34100000000000.00,18600000000000.00,9650000000000.00,8910000000000.00,4710000000000.00,718000000000.00,-2670000000000.00,4570000000000.00,0.00,0.00,0.00,0.00
GEL,2022,4280000000000.00,32700000000000.00,16900000000000.00,8930000000000.00,7940000000000.00,15400000000000.00,4870000000000.00,-3160000000000.00,-2690000000000.00,0.28,0.10,0.13,0.52
GEL,2023,3830000000000.00,37800000000000.00,21900000000000.00,9600000000000.00,12300000000000.00,14100000000000.00,3450000000000.00,-6480000000000.00,2940000000000.00,0.27,0.07,0.10,0.58
GEL,2024,3680000000000.00,35600000000000.00,18900000000000.00,9180000000000.00,9710000000000.00,12700000000000.00,4240000000000.00,-2360000000000.00,-767000000000.00,0.29,0.09,0.12,0.53
GEL,2025,4330000000000.00,46900000000000.00,28000000000000.00,12300000000000.00,15700000000000.00,14300000000000.00,1760000000000.00,-7410000000000.00,7410000000000.00,0.30,0.10,0.14,0.60
GMH,2021,40363134573.00,210000000000.00,9872965933.00,9872965933.00,0.00,165000000000.00,47695784139.00,-95312623791.00,3061961999.00,0.24,0.17,0.20,0.05
GMH,2022,38772592634.00,200000000000.00,16654892503.00,16654892503.00,0.00,151000000000.00,22822240567.00,14199148636.00,-42900000000.00,0.26,0.17,0.21,0.08
GMH,2023,23745562253.00,197000000000.00,8930890916.00,8930890916.00,0.00,114000000000.00,-1590418635.00,15256426728.00,-8250000000.00,0.21,0.12,0.16,0.05
GMH,2024,15741453317.00,185000000000.00,6758121273.00,6758121273.00,0.00,88057102128.00,11453243093.00,555539214.00,-16500000000.00,0.18,0.07,0.10,0.04
GMH,2025,27108776898.00,199000000000.00,8825174290.00,8825174290.00,0.00,104000000000.00,33296610451.00,-29980226341.00,-5775000000.00,0.26,0.17,0.22,0.04
GTA,2021,38893451439.00,468000000000.00,300000000000.00,300000000000.00,0.00,511000000000.00,-33526617992.00,68999480424.00,-63268092651.00,0.08,0.03,0.04,0.64
GTA,2022,34319349980.00,376000000000.00,213000000000.00,213000000000.00,0.00,490000000000.00,20600671346.00,60343435764.00,-65210190920.00,0.07,0.02,0.03,0.57
GTA,2023,22250463969.00,338000000000.00,175000000000.00,175000000000.00,0.00,249000000000.00,-19179376100.00,10555935545.00,-20393968490.00,0.09,0.04,0.05,0.52
GTA,2024,27594258249.00,320000000000.00,159000000000.00,159000000000.00,0.00,261000000000.00,-34962956968.00,52790866235.00,-21571111066.00,0.11,0.03,0.04,0.50
GTA,2025,22615860570.00,311000000000.00,152000000000.00,151000000000.00,1800000000.00,255000000000.00,25130303172.00,3418910722.00,-12164952665.00,0.09,0.02,0.02,0.49
GVR,2021,7580000000000.00,79000000000000.00,27100000000000.00,10900000000000.00,16200000000000.00,26200000000000.00,3920000000000.00,-931000000000.00,-3210000000000.00,0.29,0.20,0.22,0.34
GVR,2022,6390000000000.00,78400000000000.00,24900000000000.00,10400000000000.00,14500000000000.00,25400000000000.00,1340000000000.00,-539000000000.00,-1710000000000.00,0.25,0.19,0.17,0.32
GVR,2023,4960000000000.00,78100000000000.00,23100000000000.00,9650000000000.00,13400000000000.00,22100000000000.00,3250000000000.00,-1090000000000.00,-921000000000.00,0.22,0.15,0.13,0.30
GVR,2024,6970000000000.00,83400000000000.00,25000000000000.00,11600000000000.00,13400000000000.00,26200000000000.00,434000000000.00,-617000000000.00,371000000000.00,0.27,0.18,0.18,0.30
GVR,2025,8650000000000.00,86300000000000.00,24100000000000.00,10900000000000.00,13100000000000.00,29100000000000.00,6950000000000.00,1410000000000.00,-6080000000000.00,0.30,0.21,0.21,0.28
"HAP	",2021,94053023403.00,805000000000.00,80052504728.00,80037504728.00,15000000.00,498000000000.00,-15810148762.00,17911856761.00,-42181830611.00,0.19,0.09,0.11,0.10
"HAP	",2022,150000000000.00,1330000000000.00,83658309752.00,83643309752.00,15000000.00,633000000000.00,-21848943708.00,-362000000000.00,506000000000.00,0.24,0.01,0.00,0.06
"HAP	",2023,41286797507.00,1280000000000.00,71058599255.00,71043599255.00,15000000.00,300000000000.00,-13319948400.00,-49919510846.00,-62658486203.00,0.14,0.06,0.08,0.06
"HAP	",2024,55032541968.00,1670000000000.00,226000000000.00,131000000000.00,95679193832.00,419000000000.00,526000000000.00,-516000000000.00,-3937696793.00,0.13,0.24,0.25,0.14
"HAP	",2025,50311871217.00,1250000000000.00,57398797546.00,57398797546.00,0.00,561000000000.00,48582641711.00,-21078010637.00,-8924450314.00,0.09,-0.20,-0.23,0.05
HHP        ,2021,61601095607.00,700000000000.00,314000000000.00,290000000000.00,23948147194.00,791000000000.00,-7468240559.00,-148000000000.00,152000000000.00,0.08,0.05,0.05,0.45
HHP        ,2022,73962330476.00,988000000000.00,548000000000.00,392000000000.00,156000000000.00,945000000000.00,26781176149.00,-259000000000.00,227000000000.00,0.08,0.04,0.05,0.56
HHP        ,2023,68681088561.00,2080000000000.00,1310000000000.00,920000000000.00,393000000000.00,1110000000000.00,-39921915163.00,-573000000000.00,623000000000.00,0.06,0.02,0.03,0.63
HHP        ,2024,57839976334.00,2870000000000.00,1840000000000.00,994000000000.00,848000000000.00,1870000000000.00,-414000000000.00,-782000000000.00,1200000000000.00,0.03,0.01,0.02,0.64
HHP        ,2025,200000000000.00,3690000000000.00,2550000000000.00,1240000000000.00,1320000000000.00,3120000000000.00,-96573823626.00,-565000000000.00,680000000000.00,0.06,0.02,0.02,0.69
HII,2021,521000000000.00,2220000000000.00,1570000000000.00,1490000000000.00,85441000000.00,8270000000000.00,-86162583534.00,-37794497944.00,163000000000.00,0.06,0.01,0.02,0.71
HII,2022,233000000000.00,2390000000000.00,1500000000000.00,1480000000000.00,27283000000.00,10700000000000.00,-167000000000.00,-180000000000.00,425000000000.00,0.02,-0.01,-0.01,0.63
HII,2023,419000000000.00,1890000000000.00,929000000000.00,929000000000.00,255000000.00,7880000000000.00,309000000000.00,-196000000000.00,-98172682879.00,0.05,0.01,0.01,0.49
HII,2024,547000000000.00,1930000000000.00,956000000000.00,885000000000.00,71449594584.00,7210000000000.00,-83314408494.00,208000000000.00,-43930987249.00,0.08,0.00,0.00,0.50
HII,2025,524000000000.00,1800000000000.00,904000000000.00,870000000000.00,33730675656.00,7540000000000.00,254000000000.00,-151000000000.00,-187000000000.00,0.07,0.01,0.01,0.50
HMC,2021,252000000000.00,1260000000000.00,777000000000.00,754000000000.00,22921181978.00,3830000000000.00,17587517801.00,1866569992.00,-12552705544.00,0.07,0.04,0.05,0.62
HMC,2022,73842415888.00,1140000000000.00,762000000000.00,739000000000.00,23282888586.00,3410000000000.00,-143000000000.00,-6217777576.00,180000000000.00,0.02,0.00,0.00,0.67
HMC,2023,82865302698.00,1280000000000.00,876000000000.00,851000000000.00,25466488190.00,3120000000000.00,318000000000.00,-412000000000.00,62401287247.00,0.03,0.01,0.01,0.68
HMC,2024,96202315878.00,1370000000000.00,957000000000.00,933000000000.00,24223295955.00,4240000000000.00,-387000000000.00,277000000000.00,186000000000.00,0.02,0.01,0.01,0.70
HMC,2025,143000000000.00,1730000000000.00,1310000000000.00,1280000000000.00,28654706828.00,5760000000000.00,-715273447.00,-125000000000.00,93957596701.00,0.02,0.01,0.01,0.76
HPG,2021,41100000000000.00,178000000000000.00,87500000000000.00,73500000000000.00,14000000000000.00,150000000000000.00,26700000000000.00,-19700000000000.00,1740000000000.00,0.27,0.23,0.25,0.49
HPG,2022,16800000000000.00,170000000000000.00,74200000000000.00,62400000000000.00,11800000000000.00,141000000000000.00,12300000000000.00,-24600000000000.00,-1780000000000.00,0.12,0.06,0.07,0.44
HPG,2023,12900000000000.00,188000000000000.00,84900000000000.00,71500000000000.00,13400000000000.00,119000000000000.00,8640000000000.00,-12000000000000.00,7280000000000.00,0.11,0.06,0.06,0.45
HPG,2024,18500000000000.00,224000000000000.00,110000000000000.00,75200000000000.00,34600000000000.00,139000000000000.00,6610000000000.00,-29800000000000.00,17800000000000.00,0.13,0.09,0.10,0.49
HPG,2025,24500000000000.00,258000000000000.00,127000000000000.00,94200000000000.00,32500000000000.00,156000000000000.00,17400000000000.00,-25800000000000.00,9860000000000.00,0.16,0.10,0.11,0.49
HRC,2021,28903116642.00,848000000000.00,297000000000.00,154000000000.00,143000000000.00,185000000000.00,-232000000000.00,238000000000.00,-11098959328.00,0.16,0.12,0.10,0.35
HRC,2022,16990081029.00,811000000000.00,262000000000.00,145000000000.00,117000000000.00,179000000000.00,6407568825.00,16569430338.00,-34682204394.00,0.09,0.06,0.01,0.32
HRC,2023,9415810989.00,819000000000.00,267000000000.00,176000000000.00,90332324582.00,183000000000.00,-14632837390.00,29115522989.00,-9762661743.00,0.05,0.09,0.06,0.33
HRC,2024,45214938381.00,846000000000.00,243000000000.00,175000000000.00,67798414796.00,214000000000.00,49332434304.00,45079835615.00,-37428602158.00,0.21,0.29,0.14,0.29
HRC,2025,40267668141.00,858000000000.00,230000000000.00,177000000000.00,52893088688.00,244000000000.00,1963000440.00,17302777698.00,-40286371046.00,0.16,0.14,0.13,0.27
HSG,2021,9500000000000.00,22900000000000.00,11600000000000.00,10600000000000.00,1030000000000.00,56600000000000.00,2110000000000.00,-202000000000.00,-1400000000000.00,0.17,0.08,0.09,0.51
HSG,2022,2950000000000.00,16000000000000.00,5790000000000.00,5780000000000.00,16128249409.00,40700000000000.00,3200000000000.00,-345000000000.00,-3280000000000.00,0.07,-0.03,-0.03,0.36
HSG,2023,3850000000000.00,18800000000000.00,7930000000000.00,7910000000000.00,16244922996.00,32800000000000.00,527000000000.00,-220000000000.00,1110000000000.00,0.12,0.02,0.03,0.42
HSG,2024,4520000000000.00,19800000000000.00,8680000000000.00,8660000000000.00,16269912425.00,40400000000000.00,-762000000000.00,-896000000000.00,1470000000000.00,0.11,0.01,0.01,0.44
HSG,2025,4250000000000.00,21100000000000.00,9680000000000.00,9670000000000.00,16979330966.00,34700000000000.00,2720000000000.00,-2780000000000.00,-577000000000.00,0.12,0.02,0.02,0.46
HT1,2021,890000000000.00,8880000000000.00,3660000000000.00,3650000000000.00,16055872526.00,7060000000000.00,736000000000.00,-115000000000.00,-1400000000000.00,0.13,0.05,0.07,0.41
HT1,2022,892000000000.00,9390000000000.00,4270000000000.00,4260000000000.00,17052443430.00,8920000000000.00,586000000000.00,-187000000000.00,-19147954335.00,0.10,0.03,0.04,0.46
HT1,2023,604000000000.00,8620000000000.00,3790000000000.00,3770000000000.00,19713982277.00,7050000000000.00,482000000000.00,-143000000000.00,-408000000000.00,0.09,0.00,0.00,0.44
HT1,2024,645000000000.00,8220000000000.00,3350000000000.00,3330000000000.00,21027923835.00,6880000000000.00,572000000000.00,-92424305508.00,-239000000000.00,0.09,0.01,0.01,0.41
HT1,2025,920000000000.00,7600000000000.00,2510000000000.00,2460000000000.00,51463023105.00,7360000000000.00,797000000000.00,-196000000000.00,-932000000000.00,0.12,0.04,0.05,0.33
HUB,2021,106000000000.00,792000000000.00,310000000000.00,231000000000.00,78986747345.00,445000000000.00,96261239269.00,37544050.00,-50009118382.00,0.24,0.14,0.16,0.39
HUB,2022,113000000000.00,847000000000.00,308000000000.00,203000000000.00,105000000000.00,425000000000.00,61860584923.00,-81249714035.00,10971728725.00,0.27,0.16,0.19,0.36
HUB,2023,94774286942.00,934000000000.00,341000000000.00,201000000000.00,140000000000.00,355000000000.00,94682316435.00,-131000000000.00,8787501571.00,0.27,0.19,0.21,0.37
HUB,2024,79281672743.00,961000000000.00,346000000000.00,171000000000.00,175000000000.00,309000000000.00,-36898726867.00,102000000000.00,-22351725181.00,0.26,0.23,0.27,0.36
HUB,2025,79130726715.00,1000000000000.00,333000000000.00,171000000000.00,162000000000.00,305000000000.00,68111489846.00,-56277655595.00,-58868925289.00,0.26,0.24,0.30,0.33
KSB,2021,412000000000.00,3980000000000.00,2200000000000.00,1230000000000.00,966000000000.00,884000000000.00,44234060083.00,-173000000000.00,71040235933.00,0.47,0.29,0.34,0.55
KSB,2022,317000000000.00,4240000000000.00,2300000000000.00,1340000000000.00,960000000000.00,859000000000.00,130000000000.00,-496000000000.00,395000000000.00,0.37,0.18,0.21,0.54
KSB,2023,239000000000.00,4280000000000.00,2280000000000.00,1270000000000.00,1010000000000.00,529000000000.00,28989288407.00,-96717941166.00,49166079420.00,0.45,0.14,0.20,0.53
KSB,2024,178000000000.00,4930000000000.00,2280000000000.00,1070000000000.00,1210000000000.00,401000000000.00,322000000000.00,-887000000000.00,477000000000.00,0.44,0.13,0.30,0.46
KSB,2025,289000000000.00,5170000000000.00,2390000000000.00,1200000000000.00,1190000000000.00,711000000000.00,474000000000.00,-223000000000.00,137000000000.00,0.41,0.22,0.26,0.46
LBM,2021,181000000000.00,544000000000.00,109000000000.00,109000000000.00,986500000.00,788000000000.00,165000000000.00,-152000000000.00,-25260925000.00,0.23,0.10,0.13,0.20
LBM,2022,261000000000.00,713000000000.00,180000000000.00,179000000000.00,986500000.00,1110000000000.00,167000000000.00,-127000000000.00,2731668315.00,0.23,0.11,0.14,0.25
LBM,2023,263000000000.00,770000000000.00,169000000000.00,129000000000.00,39986500000.00,902000000000.00,151000000000.00,-177000000000.00,5882647905.00,0.29,0.14,0.18,0.22
LBM,2024,192000000000.00,814000000000.00,201000000000.00,173000000000.00,27986500000.00,873000000000.00,291000000000.00,-245000000000.00,-58236248798.00,0.22,0.09,0.12,0.25
LBM,2025,288000000000.00,991000000000.00,346000000000.00,330000000000.00,15986500000.00,1200000000000.00,248000000000.00,-217000000000.00,-10692280867.00,0.24,0.12,0.13,0.35
MCP,2021,63341995340.00,334000000000.00,111000000000.00,111000000000.00,0.00,431000000000.00,-657431221.00,20190071026.00,-49852804995.00,0.15,0.05,0.07,0.33
MCP,2022,52251147349.00,311000000000.00,79382038548.00,79382038548.00,0.00,515000000000.00,17513963090.00,-1580707887.00,-35191831805.00,0.10,0.02,0.03,0.25
MCP,2023,60188528047.00,319000000000.00,70741259736.00,70741259736.00,0.00,493000000000.00,34520529155.00,-26932162850.00,-1696591778.00,0.12,0.04,0.05,0.22
MCP,2024,55533717027.00,318000000000.00,40982223894.00,40982223894.00,0.00,467000000000.00,93445808277.00,-59540860430.00,-28159074914.00,0.12,0.06,0.08,0.13
MCP,2025,41131101598.00,325000000000.00,49578457839.00,49578457839.00,0.00,418000000000.00,-24894430849.00,52053357596.00,-7220145200.00,0.10,0.02,0.03,0.15
MDG,2021,47716203388.00,368000000000.00,210000000000.00,210000000000.00,0.00,211000000000.00,3769349945.00,-5192016809.00,-7389313159.00,0.23,0.07,0.10,0.57
MDG,2022,69396702698.00,395000000000.00,224000000000.00,224000000000.00,0.00,361000000000.00,3605011147.00,-9335042438.00,10930379536.00,0.19,0.06,0.07,0.57
MDG,2023,55742889169.00,355000000000.00,229000000000.00,229000000000.00,0.00,277000000000.00,-20444012075.00,-1711808396.00,9326928523.00,0.20,-0.13,-0.12,0.64
MDG,2024,53135722592.00,326000000000.00,196000000000.00,196000000000.00,0.00,229000000000.00,39740927902.00,-19761778320.00,-12658420100.00,0.23,0.02,0.02,0.60
MDG,2025,82789243775.00,369000000000.00,196000000000.00,196000000000.00,424955946.00,241000000000.00,92213292498.00,-78608747983.00,1419761985.00,0.34,0.18,0.20,0.53
NHH,2021,363000000000.00,1900000000000.00,1240000000000.00,791000000000.00,451000000000.00,2080000000000.00,-81656282674.00,62466758906.00,32493810666.00,0.17,0.03,0.05,0.65
NHH,2022,414000000000.00,2390000000000.00,1090000000000.00,938000000000.00,147000000000.00,2380000000000.00,50214951467.00,-204000000000.00,422000000000.00,0.17,0.05,0.06,0.45
NHH,2023,303000000000.00,2080000000000.00,703000000000.00,666000000000.00,37125318428.00,2040000000000.00,318000000000.00,-358000000000.00,-249000000000.00,0.15,0.05,0.06,0.34
NHH,2024,391000000000.00,1930000000000.00,574000000000.00,512000000000.00,61987899319.00,2100000000000.00,221000000000.00,134000000000.00,-232000000000.00,0.19,0.04,0.05,0.30
NHH,2025,399000000000.00,2530000000000.00,704000000000.00,609000000000.00,94845791840.00,2310000000000.00,214000000000.00,-447000000000.00,387000000000.00,0.17,0.05,0.07,0.28
NHT,2021,166000000000.00,867000000000.00,489000000000.00,419000000000.00,69757100410.00,929000000000.00,59001707712.00,-19678612400.00,-55634099065.00,0.18,0.06,0.06,0.56
NHT,2022,167000000000.00,752000000000.00,316000000000.00,271000000000.00,44557753966.00,880000000000.00,144000000000.00,-5975952809.00,-134000000000.00,0.19,0.07,0.07,0.42
NHT,2023,40010789308.00,599000000000.00,220000000000.00,172000000000.00,47389633855.00,310000000000.00,98559995157.00,-11038589072.00,-103000000000.00,0.13,-0.07,-0.07,0.37
NHT,2024,62199432577.00,555000000000.00,193000000000.00,149000000000.00,44676812330.00,352000000000.00,53294612054.00,-3090282516.00,-48713841713.00,0.18,0.03,0.04,0.35
NHT,2025,98545358126.00,542000000000.00,140000000000.00,101000000000.00,38612467969.00,382000000000.00,70972335529.00,142000000000.00,-55510587399.00,0.26,0.11,0.14,0.26
NKG,2021,4270000000000.00,15400000000000.00,9670000000000.00,9600000000000.00,76519159568.00,28200000000000.00,-308000000000.00,-309000000000.00,1150000000000.00,0.15,0.08,0.09,0.63
NKG,2022,1480000000000.00,13500000000000.00,8140000000000.00,8110000000000.00,32238887847.00,23100000000000.00,-828000000000.00,32855680816.00,1050000000000.00,0.06,-0.01,0.00,0.60
NKG,2023,1110000000000.00,12200000000000.00,6810000000000.00,6780000000000.00,28312735690.00,18600000000000.00,269000000000.00,-146000000000.00,-342000000000.00,0.06,0.01,0.01,0.56
NKG,2024,1830000000000.00,13500000000000.00,7650000000000.00,7620000000000.00,26792246947.00,20600000000000.00,-560000000000.00,-1340000000000.00,1510000000000.00,0.09,0.02,0.03,0.57
NKG,2025,785000000000.00,16500000000000.00,8860000000000.00,6570000000000.00,2290000000000.00,14800000000000.00,1330000000000.00,-3030000000000.00,2150000000000.00,0.05,0.01,0.01,0.54
NNC,2021,47184556166.00,354000000000.00,52936484124.00,49699113509.00,3237370615.00,159000000000.00,66124849645.00,4304408144.00,-39250934820.00,0.30,0.24,0.24,0.15
NNC,2022,21520682729.00,407000000000.00,55589858871.00,51880224344.00,3709634527.00,80579832608.00,44673933793.00,-105000000000.00,-81078640.00,0.27,0.56,0.22,0.14
NNC,2023,49164992734.00,431000000000.00,57069357044.00,53166275251.00,3903081793.00,176000000000.00,45986061321.00,-26074385559.00,-7648768478.00,0.28,0.21,0.26,0.13
NNC,2024,88461188860.00,486000000000.00,64907273977.00,57649174215.00,7258099762.00,280000000000.00,97228840884.00,-20804044271.00,-13969169387.00,0.32,0.22,0.28,0.13
NNC,2025,193000000000.00,665000000000.00,130000000000.00,100000000000.00,30189809648.00,391000000000.00,190000000000.00,-206000000000.00,7071217340.00,0.49,0.38,0.47,0.20
PHR,2021,517000000000.00,6030000000000.00,2920000000000.00,1190000000000.00,1730000000000.00,1950000000000.00,255000000000.00,315000000000.00,-858000000000.00,0.27,0.26,0.29,0.48
PHR,2022,402000000000.00,6330000000000.00,2890000000000.00,1290000000000.00,1600000000000.00,1710000000000.00,782000000000.00,-233000000000.00,-523000000000.00,0.24,0.54,0.25,0.46
PHR,2023,327000000000.00,6160000000000.00,2350000000000.00,883000000000.00,1460000000000.00,1350000000000.00,302000000000.00,342000000000.00,-663000000000.00,0.24,0.49,0.32,0.38
PHR,2024,422000000000.00,5930000000000.00,2010000000000.00,604000000000.00,1410000000000.00,1630000000000.00,224000000000.00,521000000000.00,-702000000000.00,0.26,0.30,0.29,0.34
PHR,2025,504000000000.00,6150000000000.00,1930000000000.00,520000000000.00,1410000000000.00,1790000000000.00,616000000000.00,-27664787341.00,-328000000000.00,0.28,0.28,0.26,0.31
PLP,2021,255000000000.00,2620000000000.00,1860000000000.00,1720000000000.00,139000000000.00,2410000000000.00,-270000000000.00,-341000000000.00,617000000000.00,0.11,0.05,0.05,0.71
PLP,2022,395000000000.00,2720000000000.00,1580000000000.00,1510000000000.00,74880469024.00,2860000000000.00,-143000000000.00,-46671597149.00,173000000000.00,0.14,0.01,0.01,0.58
PLP,2023,137000000000.00,1740000000000.00,952000000000.00,938000000000.00,13924050941.00,1810000000000.00,78979016522.00,15142631378.00,-81129866430.00,0.08,0.01,0.01,0.55
PLP,2024,125000000000.00,2390000000000.00,1590000000000.00,1200000000000.00,395000000000.00,2000000000000.00,-212000000000.00,-23689307523.00,235000000000.00,0.06,0.00,0.03,0.67
PLP,2025,192000000000.00,3020000000000.00,1980000000000.00,1560000000000.00,415000000000.00,2870000000000.00,-317000000000.00,-159000000000.00,493000000000.00,0.07,0.01,0.01,0.66
PTB,2021,1450000000000.00,5430000000000.00,3040000000000.00,2660000000000.00,376000000000.00,6490000000000.00,160000000000.00,-363000000000.00,172000000000.00,0.22,0.08,0.10,0.56
PTB,2022,1540000000000.00,5240000000000.00,2480000000000.00,2310000000000.00,167000000000.00,6890000000000.00,735000000000.00,-209000000000.00,-389000000000.00,0.22,0.07,0.09,0.47
PTB,2023,1140000000000.00,5260000000000.00,2490000000000.00,2350000000000.00,135000000000.00,5620000000000.00,778000000000.00,-413000000000.00,-209000000000.00,0.20,0.05,0.06,0.47
PTB,2024,1220000000000.00,5490000000000.00,2460000000000.00,2350000000000.00,105000000000.00,6470000000000.00,436000000000.00,-187000000000.00,-213000000000.00,0.19,0.06,0.07,0.45
PTB,2025,1500000000000.00,6390000000000.00,3040000000000.00,2660000000000.00,385000000000.00,7300000000000.00,446000000000.00,-478000000000.00,210000000000.00,0.21,0.07,0.09,0.48
RYG,2021,177000000000.00,885000000000.00,482000000000.00,470000000000.00,11645464975.00,1090000000000.00,-52691668391.00,-32261212004.00,171000000000.00,0.00,0.00,0.00,0.00
RYG,2022,254000000000.00,1180000000000.00,692000000000.00,667000000000.00,25362852516.00,1400000000000.00,-112000000000.00,-90683840545.00,166000000000.00,0.18,0.05,0.07,0.59
RYG,2023,291000000000.00,1680000000000.00,952000000000.00,914000000000.00,38127493059.00,1400000000000.00,-136000000000.00,-201000000000.00,285000000000.00,0.21,0.07,0.09,0.57
RYG,2024,266000000000.00,2470000000000.00,1720000000000.00,1340000000000.00,385000000000.00,1690000000000.00,-72379940566.00,-433000000000.00,530000000000.00,0.16,0.04,0.05,0.70
RYG,2025,272000000000.00,2990000000000.00,2220000000000.00,1800000000000.00,425000000000.00,2100000000000.00,-98937232960.00,-415000000000.00,483000000000.00,0.13,0.02,0.03,0.74
SFG,2021,161000000000.00,1430000000000.00,845000000000.00,844000000000.00,895379154.00,2110000000000.00,6292402277.00,-266000000000.00,304000000000.00,0.08,0.02,0.02,0.59
SFG,2022,149000000000.00,1090000000000.00,469000000000.00,469000000000.00,371862175.00,2010000000000.00,207000000000.00,146000000000.00,-437000000000.00,0.07,0.03,0.03,0.43
SFG,2023,87904288171.00,1240000000000.00,590000000000.00,590000000000.00,268237926.00,1560000000000.00,138000000000.00,-286000000000.00,194000000000.00,0.06,0.04,0.03,0.47
SFG,2024,143000000000.00,1390000000000.00,734000000000.00,733000000000.00,261406813.00,1600000000000.00,-296000000000.00,119000000000.00,125000000000.00,0.09,0.02,0.02,0.53
SFG,2025,167000000000.00,1780000000000.00,1120000000000.00,1120000000000.00,456406813.00,2070000000000.00,-466000000000.00,146000000000.00,322000000000.00,0.08,0.02,0.02,0.63
SMC,2021,1480000000000.00,9010000000000.00,6590000000000.00,6120000000000.00,466000000000.00,21300000000000.00,-752000000000.00,-636000000000.00,830000000000.00,0.07,0.04,0.05,0.73
SMC,2022,-37623801606.00,8330000000000.00,6610000000000.00,5990000000000.00,614000000000.00,23200000000000.00,400000000000.00,-3019775037.00,-207000000000.00,0.00,-0.03,-0.03,0.79
SMC,2023,61569442326.00,6180000000000.00,5380000000000.00,5010000000000.00,374000000000.00,13700000000000.00,442000000000.00,43841019610.00,-630000000000.00,0.00,-0.07,-0.07,0.87
SMC,2024,5710098014.00,4780000000000.00,3970000000000.00,3710000000000.00,259000000000.00,8930000000000.00,-508000000000.00,610000000000.00,-629000000000.00,0.00,0.00,0.00,0.83
SMC,2025,1357452774.00,4450000000000.00,3450000000000.00,3380000000000.00,66333276446.00,7010000000000.00,-8017096473.00,347000000000.00,-347000000000.00,0.00,0.03,-0.01,0.77
TCR,2021,170000000000.00,977000000000.00,507000000000.00,499000000000.00,8310376246.00,935000000000.00,26230647953.00,-34677100842.00,-37917329830.00,0.18,0.01,0.01,0.52
TCR,2022,160000000000.00,944000000000.00,474000000000.00,469000000000.00,5517816246.00,1100000000000.00,51795015741.00,-39645381281.00,-5661856623.00,0.15,0.00,-0.01,0.50
TCR,2023,118000000000.00,925000000000.00,499000000000.00,499000000000.00,168000000.00,892000000000.00,-23346267165.00,-23621526817.00,58567065321.00,0.13,-0.01,-0.01,0.54
TCR,2024,62972800097.00,987000000000.00,622000000000.00,613000000000.00,9770370173.00,909000000000.00,-3989613132.00,-111000000000.00,89828171475.00,0.07,-0.07,-0.07,0.63
TCR,2025,72557880026.00,958000000000.00,591000000000.00,581000000000.00,9706782467.00,875000000000.00,105000000000.00,-5537073877.00,-93554418942.00,0.08,0.00,-0.07,0.62
TDP,2021,310000000000.00,2740000000000.00,2020000000000.00,1700000000000.00,318000000000.00,2440000000000.00,10535546969.00,-619000000000.00,672000000000.00,0.13,0.04,0.05,0.74
TDP,2022,369000000000.00,3320000000000.00,2510000000000.00,2220000000000.00,288000000000.00,3250000000000.00,-87409126728.00,-236000000000.00,545000000000.00,0.11,0.03,0.04,0.75
TDP,2023,352000000000.00,3670000000000.00,2820000000000.00,2610000000000.00,204000000000.00,3820000000000.00,-94336107343.00,-135000000000.00,137000000000.00,0.09,0.01,0.02,0.77
TDP,2024,397000000000.00,3940000000000.00,2920000000000.00,2680000000000.00,241000000000.00,4380000000000.00,173000000000.00,-1422215349.00,194000000000.00,0.09,0.02,0.03,0.74
TDP,2025,390000000000.00,4470000000000.00,3360000000000.00,3100000000000.00,257000000000.00,4760000000000.00,165000000000.00,-73093562550.00,341000000000.00,0.08,0.02,0.03,0.75
THG,2021,323000000000.00,1560000000000.00,1030000000000.00,781000000000.00,244000000000.00,1320000000000.00,101000000000.00,-30997813683.00,-2451350953.00,0.24,0.10,0.12,0.66
THG,2022,375000000000.00,1850000000000.00,1210000000000.00,898000000000.00,309000000000.00,1650000000000.00,34288619892.00,-56335878766.00,23986323448.00,0.23,0.09,0.11,0.65
THG,2023,382000000000.00,1850000000000.00,1160000000000.00,991000000000.00,173000000000.00,1670000000000.00,93939765518.00,-31942881068.00,-66684607541.00,0.23,0.07,0.09,0.63
THG,2024,440000000000.00,2180000000000.00,1450000000000.00,1210000000000.00,235000000000.00,1870000000000.00,261000000000.00,-116000000000.00,-62606920038.00,0.24,0.08,0.09,0.66
THG,2025,520000000000.00,2420000000000.00,1630000000000.00,1200000000000.00,429000000000.00,2410000000000.00,353000000000.00,-296000000000.00,25557134894.00,0.22,0.07,0.08,0.67
TLD,2021,32997926129.00,627000000000.00,170000000000.00,146000000000.00,23322574944.00,414000000000.00,26552606628.00,-39067719400.00,8721908560.00,0.08,0.04,0.05,0.27
TLD,2022,38173189554.00,1040000000000.00,249000000000.00,215000000000.00,33523754944.00,538000000000.00,-338000000000.00,-14917023933.00,350000000000.00,0.07,0.03,0.03,0.24
TLD,2023,21612822670.00,1010000000000.00,215000000000.00,182000000000.00,33603076724.00,329000000000.00,21838577430.00,-48802413558.00,15522205959.00,0.07,0.02,0.02,0.21
TLD,2024,41033576577.00,1050000000000.00,234000000000.00,209000000000.00,24943291200.00,569000000000.00,9692860886.00,19433015135.00,-12338768957.00,0.07,0.02,0.03,0.22
TLD,2025,108000000000.00,1450000000000.00,438000000000.00,300000000000.00,138000000000.00,666000000000.00,202000000000.00,-238000000000.00,162000000000.00,0.16,0.10,0.12,0.30
TLH,2021,677000000000.00,4200000000000.00,2280000000000.00,2280000000000.00,142100000.00,4640000000000.00,-428000000000.00,-58905966229.00,397000000000.00,0.15,0.10,0.12,0.54
TLH,2022,285000000000.00,4200000000000.00,2290000000000.00,2260000000000.00,25304768239.00,5320000000000.00,-190000000000.00,199000000000.00,42792875794.00,0.05,0.00,0.01,0.55
TLH,2023,156000000000.00,4130000000000.00,2270000000000.00,2260000000000.00,7735361430.00,6160000000000.00,319000000000.00,-6984500581.00,-156000000000.00,0.03,0.00,0.00,0.55
TLH,2024,-298000000000.00,3930000000000.00,2670000000000.00,2650000000000.00,25467541622.00,6310000000000.00,-786000000000.00,30241245837.00,588000000000.00,-0.05,-0.09,-0.09,0.68
TLH,2025,180000000000.00,2850000000000.00,1580000000000.00,1560000000000.00,25018275865.00,5320000000000.00,699000000000.00,-11145961748.00,-769000000000.00,0.03,0.00,0.00,0.56
TNC,2021,13408246347.00,386000000000.00,47051269265.00,38051269265.00,9000000000.00,70190859828.00,-10382029880.00,29267182963.00,-38494822500.00,0.19,0.56,0.60,0.12
TNC,2022,22105463497.00,404000000000.00,60237278484.00,51237278484.00,9000000000.00,97357827747.00,-20267846629.00,39842963691.00,-18496594250.00,0.23,0.53,0.44,0.15
TNC,2023,21573204199.00,367000000000.00,34194957296.00,34194957296.00,0.00,130000000000.00,11005128046.00,50337417715.00,-54706048250.00,0.17,0.25,0.25,0.09
TNC,2024,39066848379.00,373000000000.00,33074226159.00,32681076159.00,393150000.00,143000000000.00,-3871594398.00,31383653012.00,-23075252500.00,0.27,0.28,0.24,0.09
TNC,2025,42559237827.00,382000000000.00,33056483403.00,33056483403.00,0.00,166000000000.00,4924318059.00,17561114013.00,-30796290250.00,0.26,0.30,0.21,0.09
TNI,2021,28622357533.00,1080000000000.00,553000000000.00,438000000000.00,115000000000.00,1910000000000.00,-95863985427.00,51848454014.00,43980662871.00,0.02,-0.03,0.00,0.51
TNI,2022,135000000000.00,936000000000.00,404000000000.00,339000000000.00,65842669737.00,1710000000000.00,167000000000.00,-47424646478.00,-109000000000.00,0.08,0.00,0.02,0.43
TNI,2023,52323911164.00,904000000000.00,373000000000.00,346000000000.00,26586916581.00,761000000000.00,-11269600981.00,-506384811.00,3106778342.00,0.07,0.00,-0.01,0.41
TNI,2024,26828493928.00,931000000000.00,427000000000.00,410000000000.00,17710963582.00,993000000000.00,146000000000.00,-2057877502.00,20678449393.00,0.03,-0.03,-0.02,0.46
TNI,2025,-1926561933.00,934000000000.00,343000000000.00,330000000000.00,13010997512.00,1060000000000.00,-28661149893.00,-18485397854.00,-111000000000.00,0.00,0.04,0.02,0.37
TNT,2021,53442303849.00,586000000000.00,33530231222.00,30136941222.00,3393290000.00,641000000000.00,-114000000000.00,740238648.00,255000000000.00,0.08,0.05,0.06,0.06
TNT,2022,28794733096.00,602000000000.00,42837365644.00,39093972287.00,3743393357.00,379000000000.00,214000000000.00,-27625258857.00,29591366063.00,0.08,0.02,0.01,0.07
TNT,2023,18169953179.00,1600000000000.00,926000000000.00,84522774617.00,842000000000.00,638000000000.00,-892000000000.00,4133548822.00,790000000000.00,0.03,0.03,0.04,0.58
TNT,2024,10067540064.00,665000000000.00,40236787581.00,39476787581.00,760000000.00,918000000000.00,-171000000000.00,173000000000.00,-124000000000.00,0.01,0.00,0.00,0.06
TNT,2025,41424832563.00,833000000000.00,188000000000.00,188000000000.00,520000000.00,1020000000000.00,-159000000000.00,-15517833476.00,50068782013.00,0.04,0.02,0.02,0.23
TPC,2021,79455739627.00,749000000000.00,412000000000.00,412000000000.00,0.00,896000000000.00,16932132055.00,-2888176226.00,-25151985300.00,0.09,0.02,0.02,0.55
TPC,2022,100000000000.00,642000000000.00,306000000000.00,306000000000.00,0.00,1030000000000.00,-23741464236.00,38241774818.00,-33968795678.00,0.10,0.01,0.02,0.48
TPC,2023,-13503384927.00,462000000000.00,175000000000.00,175000000000.00,0.00,567000000000.00,109000000000.00,4648228763.00,-114000000000.00,-0.02,-0.09,-0.09,0.38
TPC,2024,34764213604.00,485000000000.00,186000000000.00,186000000000.00,0.00,437000000000.00,31081078196.00,-51329358112.00,16477737154.00,0.08,0.03,0.02,0.38
TPC,2025,35650065523.00,459000000000.00,198000000000.00,198000000000.00,0.00,476000000000.00,20163162598.00,29679856150.00,-29475922312.00,0.07,0.02,0.02,0.43
TRC,2021,98803580501.00,1970000000000.00,414000000000.00,181000000000.00,233000000000.00,417000000000.00,21343870472.00,-1990161317.00,-59654089245.00,0.24,0.23,0.17,0.21
TRC,2022,107000000000.00,1980000000000.00,405000000000.00,201000000000.00,203000000000.00,523000000000.00,33312373563.00,7138489499.00,-77837173341.00,0.20,0.14,0.12,0.20
TRC,2023,115000000000.00,2000000000000.00,346000000000.00,177000000000.00,169000000000.00,563000000000.00,78665918254.00,10779957863.00,-78179910390.00,0.20,0.12,0.10,0.17
TRC,2024,271000000000.00,2190000000000.00,317000000000.00,280000000000.00,37526835706.00,744000000000.00,287000000000.00,37138592636.00,-196000000000.00,0.36,0.30,0.28,0.14
TRC,2025,294000000000.00,2400000000000.00,278000000000.00,245000000000.00,33212184188.00,844000000000.00,205000000000.00,-19384975013.00,-57224707173.00,0.35,0.30,0.26,0.12
VAF,2021,190000000000.00,667000000000.00,203000000000.00,203000000000.00,0.00,839000000000.00,156000000000.00,-40954251820.00,-20742796640.00,0.23,0.03,0.04,0.30
VAF,2022,259000000000.00,613000000000.00,137000000000.00,130000000000.00,7000000000.00,913000000000.00,-54465274378.00,63306337523.00,-24472668448.00,0.28,0.04,0.05,0.22
VAF,2023,249000000000.00,661000000000.00,156000000000.00,148000000000.00,7922685901.00,1000000000000.00,-18132268474.00,19518973294.00,-33912317773.00,0.25,0.06,0.05,0.24
VAF,2024,280000000000.00,1070000000000.00,551000000000.00,550000000000.00,692014425.00,1220000000000.00,514000000000.00,-164000000000.00,-37898240101.00,0.23,0.05,0.06,0.51
VAF,2025,409000000000.00,1210000000000.00,555000000000.00,554000000000.00,461342949.00,1610000000000.00,8158221162.00,45604411551.00,-37896019476.00,0.25,0.11,0.13,0.46
VCA,2021,97372687294.00,579000000000.00,338000000000.00,338000000000.00,0.00,2610000000000.00,-248000000000.00,-4201054420.00,227000000000.00,0.04,0.01,0.02,0.58
VCA,2022,33302245691.00,371000000000.00,187000000000.00,187000000000.00,0.00,2340000000000.00,140000000000.00,-6460719524.00,-135000000000.00,0.01,0.00,0.00,0.50
VCA,2023,56424120174.00,283000000000.00,90455887467.00,90455887467.00,0.00,1720000000000.00,103000000000.00,-193847250.00,-103000000000.00,0.03,0.00,0.01,0.32
VCA,2024,29638969417.00,320000000000.00,128000000000.00,128000000000.00,0.00,1360000000000.00,-1492322073.00,150930177.00,11006110299.00,0.02,0.00,0.00,0.40
VCA,2025,17099089820.00,174000000000.00,4354235294.00,4354235294.00,0.00,1020000000000.00,121000000000.00,2666847181.00,-60590249633.00,0.02,-0.02,-0.02,0.02
VFG,2021,508000000000.00,1890000000000.00,883000000000.00,844000000000.00,39048495601.00,2080000000000.00,776000000000.00,11863317487.00,-425000000000.00,0.24,0.08,0.10,0.47
VFG,2022,710000000000.00,2760000000000.00,1620000000000.00,1610000000000.00,2311062676.00,2980000000000.00,-83005654272.00,-504000000000.00,103000000000.00,0.24,0.08,0.10,0.59
VFG,2023,779000000000.00,2950000000000.00,1700000000000.00,1700000000000.00,1993449076.00,3260000000000.00,-7314666610.00,-118000000000.00,47095042162.00,0.24,0.09,0.12,0.58
VFG,2024,909000000000.00,2500000000000.00,890000000000.00,874000000000.00,16297060756.00,3500000000000.00,151000000000.00,897000000000.00,-376000000000.00,0.26,0.13,0.16,0.36
VFG,2025,855000000000.00,2420000000000.00,705000000000.00,689000000000.00,15759722297.00,3530000000000.00,128000000000.00,19223706023.00,-295000000000.00,0.24,0.10,0.12,0.29
VID,2021,125000000000.00,1170000000000.00,625000000000.00,625000000000.00,0.00,1060000000000.00,-22240658350.00,77111265049.00,354847544.00,0.12,0.06,0.07,0.53
VID,2022,134000000000.00,1210000000000.00,627000000000.00,626000000000.00,1500000000.00,1390000000000.00,-43085976761.00,11944789322.00,19677923800.00,0.10,0.04,0.04,0.52
VID,2023,101000000000.00,1300000000000.00,604000000000.00,590000000000.00,14000000000.00,1310000000000.00,-37287711974.00,44439085226.00,-4822481697.00,0.08,0.04,0.04,0.46
VID,2024,73052212762.00,1120000000000.00,454000000000.00,443000000000.00,10886300000.00,1190000000000.00,-117000000000.00,81276625080.00,-1888758113.00,0.06,0.01,0.01,0.40
VID,2025,64039118187.00,1120000000000.00,487000000000.00,483000000000.00,4100000000.00,1140000000000.00,-66822120266.00,-24215669686.00,39555868637.00,0.06,0.01,0.01,0.43
VPG,2021,674000000000.00,2380000000000.00,1470000000000.00,1470000000000.00,0.00,3860000000000.00,276000000000.00,-19682188249.00,246000000000.00,0.17,0.11,0.13,0.62
VPG,2022,265000000000.00,5980000000000.00,4500000000000.00,4060000000000.00,442000000000.00,5520000000000.00,-503000000000.00,-424000000000.00,1700000000000.00,0.05,0.01,0.01,0.75
VPG,2023,386000000000.00,7160000000000.00,5660000000000.00,5280000000000.00,386000000000.00,6340000000000.00,-407000000000.00,13661047859.00,397000000000.00,0.06,0.00,0.00,0.79
VPG,2024,637000000000.00,8460000000000.00,6860000000000.00,6670000000000.00,187000000000.00,16300000000000.00,-208000000000.00,102000000000.00,197000000000.00,0.04,0.01,0.01,0.81
VPG,2025,-37497482014.00,3340000000000.00,2330000000000.00,2170000000000.00,161000000000.00,12400000000000.00,760000000000.00,520000000000.00,-2790000000000.00,0.00,-0.05,-0.04,0.70
VPS,2021,161000000000.00,473000000000.00,140000000000.00,137000000000.00,3326139880.00,551000000000.00,56029939936.00,-21379218671.00,-30200349322.00,0.29,0.03,0.04,0.30
VPS,2022,159000000000.00,513000000000.00,178000000000.00,175000000000.00,3326139880.00,563000000000.00,-63443217545.00,22274540914.00,-1335544934.00,0.28,0.03,0.04,0.35
VPS,2023,165000000000.00,532000000000.00,198000000000.00,195000000000.00,3326139880.00,530000000000.00,15849496326.00,-3625851722.00,-13685614294.00,0.31,0.03,0.03,0.37
VPS,2024,188000000000.00,556000000000.00,211000000000.00,207000000000.00,4287161210.00,573000000000.00,24187419276.00,-4662576334.00,-12418033825.00,0.33,0.04,0.06,0.38
VPS,2025,170000000000.00,543000000000.00,191000000000.00,187000000000.00,4259769210.00,634000000000.00,15411100453.00,-1860745160.00,-10720056236.00,0.27,0.04,0.04,0.35
YBM,2021,119000000000.00,436000000000.00,257000000000.00,208000000000.00,48573244886.00,493000000000.00,34734487512.00,-16341505514.00,-29049381467.00,0.24,0.03,0.04,0.59
YBM,2022,140000000000.00,411000000000.00,236000000000.00,194000000000.00,41109284621.00,429000000000.00,38095753634.00,12156668520.00,-38222038055.00,0.33,0.02,0.03,0.57
YBM,2023,166000000000.00,565000000000.00,384000000000.00,290000000000.00,94216052090.00,554000000000.00,-10696923639.00,-105000000000.00,118000000000.00,0.30,0.02,0.03,0.68
YBM,2024,240000000000.00,624000000000.00,436000000000.00,314000000000.00,123000000000.00,771000000000.00,1059978458.00,-32069691656.00,14887706855.00,0.31,0.02,0.02,0.70
YBM,2025,318000000000.00,714000000000.00,498000000000.00,379000000000.00,119000000000.00,876000000000.00,36123808352.00,-37860565229.00,14966095259.00,0.36,0.03,0.04,0.70
BRC,2021,79522510623.00,311000000000.00,99808466453.00,99808466453.00,0.00,348000000000.00,14210598797.00,-15085450377.00,2018468726.00,0.23,0.06,0.08,0.32
BRC,2022,75150366548.00,309000000000.00,98933269429.00,98933269429.00,0.00,338000000000.00,16720642551.00,-2787095865.00,-5583584148.00,0.22,0.06,0.07,0.32
BRC,2023,71983670630.00,291000000000.00,80799953036.00,80799953036.00,0.00,332000000000.00,40011929783.00,-4016318270.00,-33090187119.00,0.22,0.06,0.07,0.28
BRC,2024,82616595048.00,309000000000.00,96508881762.00,96508881762.00,0.00,419000000000.00,22860615833.00,-5919620520.00,-13173397659.00,0.20,0.05,0.06,0.31
BRC,2025,68607724406.00,291000000000.00,79050728020.00,79050728020.00,0.00,437000000000.00,29498278778.00,-692332709.00,-31208510075.00,0.16,0.05,0.06,0.27
TTF,2021,275000000000.00,2840000000000.00,2380000000000.00,2340000000000.00,41528858397.00,1610000000000.00,-253000000000.00,-91386811426.00,512000000000.00,0.17,0.00,-0.01,0.84
TTF,2022,308000000000.00,3010000000000.00,2570000000000.00,1500000000000.00,1070000000000.00,2000000000000.00,253000000000.00,-323000000000.00,-5333600000.00,0.15,0.00,-0.01,0.86
TTF,2023,253000000000.00,2850000000000.00,2580000000000.00,1520000000000.00,1070000000000.00,1560000000000.00,37996994698.00,-421000000000.00,356000000000.00,0.16,-0.09,-0.03,0.91
TTF,2024,126000000000.00,2790000000000.00,2390000000000.00,956000000000.00,1440000000000.00,1220000000000.00,-81974161866.00,-12270544763.00,55850953716.00,0.10,0.01,-0.03,0.86
TTF,2025,212000000000.00,2840000000000.00,2450000000000.00,1030000000000.00,1420000000000.00,1240000000000.00,-195000000000.00,35036844568.00,113000000000.00,0.17,0.01,-0.03,0.86
TSC,2021,99858139562.00,2300000000000.00,289000000000.00,274000000000.00,14537862998.00,517000000000.00,-32254247872.00,-49328691303.00,84427843592.00,0.19,0.26,0.26,0.13
TSC,2022,175000000000.00,2720000000000.00,226000000000.00,207000000000.00,19068939614.00,898000000000.00,-517000000000.00,101000000000.00,413000000000.00,0.20,-0.05,-0.05,0.08
TSC,2023,90565791952.00,2970000000000.00,488000000000.00,457000000000.00,31684456945.00,475000000000.00,-90514088317.00,-210000000000.00,302000000000.00,0.19,-0.02,0.01,0.16
TSC,2024,142000000000.00,2940000000000.00,477000000000.00,322000000000.00,154000000000.00,627000000000.00,170000000000.00,-47239337316.00,-110000000000.00,0.23,0.05,0.07,0.16
TSC,2025,163000000000.00,3550000000000.00,1050000000000.00,749000000000.00,305000000000.00,747000000000.00,675000000000.00,-1190000000000.00,529000000000.00,0.22,-0.01,0.02,0.30
SHI,2021,874000000000.00,5910000000000.00,4540000000000.00,4060000000000.00,480000000000.00,7070000000000.00,-230000000000.00,-212000000000.00,389000000000.00,0.12,0.02,0.03,0.77
SHI,2022,902000000000.00,7330000000000.00,5360000000000.00,4760000000000.00,603000000000.00,7980000000000.00,-192000000000.00,-1150000000000.00,1350000000000.00,0.11,0.01,0.02,0.73
SHI,2023,837000000000.00,7580000000000.00,5570000000000.00,4860000000000.00,711000000000.00,9610000000000.00,236000000000.00,-433000000000.00,91516792408.00,0.09,0.01,0.01,0.74
SHI,2024,951000000000.00,9450000000000.00,7350000000000.00,6350000000000.00,1000000000000.00,11300000000000.00,8469076922.00,-579000000000.00,594000000000.00,0.08,0.01,0.01,0.78
SHI,2025,1000000000000.00,10300000000000.00,8130000000000.00,7130000000000.00,997000000000.00,11800000000000.00,-130000000000.00,-79087073085.00,289000000000.00,0.09,0.01,0.01,0.79
SHA,2021,124000000000.00,942000000000.00,542000000000.00,540000000000.00,1793939744.00,928000000000.00,-58135729901.00,-64573784643.00,45471070565.00,0.13,0.02,0.02,0.58
SHA,2022,143000000000.00,1020000000000.00,620000000000.00,618000000000.00,1841127866.00,1100000000000.00,-25548148179.00,-18660764348.00,42570304928.00,0.13,0.02,0.02,0.61
SHA,2023,145000000000.00,1010000000000.00,599000000000.00,598000000000.00,1165527638.00,1080000000000.00,-26578217860.00,-26555541151.00,49373242411.00,0.13,0.01,0.01,0.59
SHA,2024,138000000000.00,1060000000000.00,632000000000.00,632000000000.00,744026396.00,1140000000000.00,16038175142.00,-8270325759.00,21850374796.00,0.12,0.01,0.01,0.60
SHA,2025,141000000000.00,1100000000000.00,655000000000.00,654000000000.00,548072000.00,1160000000000.00,26053194544.00,-34801696620.00,23167181746.00,0.12,0.01,0.02,0.60
SAV,2021,140000000000.00,595000000000.00,264000000000.00,258000000000.00,5676858368.00,1010000000000.00,27194093646.00,1752371156.00,15080450513.00,0.14,0.04,0.06,0.44
SAV,2022,157000000000.00,558000000000.00,189000000000.00,183000000000.00,5516535096.00,992000000000.00,68036788284.00,-2251987643.00,-64686098097.00,0.16,0.06,0.06,0.34
SAV,2023,120000000000.00,615000000000.00,281000000000.00,275000000000.00,5924171460.00,789000000000.00,53822831168.00,-184000000000.00,63703591991.00,0.15,-0.01,-0.02,0.46
SAV,2024,163000000000.00,749000000000.00,372000000000.00,366000000000.00,5378354282.00,1070000000000.00,187000000000.00,-101000000000.00,-25148660127.00,0.15,0.05,0.07,0.50
SAV,2025,181000000000.00,726000000000.00,375000000000.00,370000000000.00,5008573173.00,1060000000000.00,94349047174.00,3995266193.00,-26116165994.00,0.17,0.01,0.02,0.52
HCD,2021,59059258984.00,554000000000.00,179000000000.00,166000000000.00,12790459396.00,732000000000.00,5459932456.00,-19755626536.00,41588503750.00,0.08,0.06,0.07,0.32
HCD,2022,46834571876.00,756000000000.00,340000000000.00,336000000000.00,3710459396.00,745000000000.00,-20322629994.00,-33360068432.00,52091582040.00,0.06,0.05,0.06,0.45
HCD,2023,69221500074.00,778000000000.00,327000000000.00,327000000000.00,0.00,913000000000.00,14338772764.00,34672278722.00,-26325109721.00,0.08,0.06,0.07,0.42
HCD,2024,54103932670.00,812000000000.00,330000000000.00,330000000000.00,0.00,869000000000.00,60839388373.00,-10799441818.00,-14477463561.00,0.06,0.03,0.04,0.41
HCD,2025,43296751352.00,806000000000.00,305000000000.00,305000000000.00,0.00,790000000000.00,-59715359581.00,37975545846.00,-33554450179.00,0.05,0.03,0.03,0.38
AAM,2021,7471858946.00,201000000000.00,6761017862.00,5544333271.00,1216684591.00,134000000000.00,45312490419.00,-2287699235.00,-7583127202.00,0.06,0.00,-0.01,0.03
AAM,2022,27260932483.00,219000000000.00,9043271702.00,7937231960.00,1106039742.00,212000000000.00,-3970805102.00,-48053251476.00,0.00,0.13,0.08,0.06,0.04
AAM,2023,901585272.00,213000000000.00,10221544787.00,9148047007.00,1073497780.00,137000000000.00,-24230847125.00,44001754869.00,-7315827400.00,0.01,0.01,-0.03,0.05
AAM,2024,4359664475.00,202000000000.00,6013144141.00,4931214445.00,1081929696.00,153000000000.00,34043716170.00,5443429617.00,0.00,0.03,-0.04,-0.02,0.03
AAM,2025,21189501414.00,201000000000.00,2965127522.00,1863199302.00,1101928220.00,170000000000.00,61470610821.00,-98314262046.00,0.00,0.12,0.01,0.08,0.01
AAT,2021,57941255766.00,977000000000.00,308000000000.00,116000000000.00,192000000000.00,473000000000.00,48150054552.00,-297000000000.00,322000000000.00,0.12,0.06,0.07,0.32
AAT,2022,131000000000.00,1030000000000.00,322000000000.00,213000000000.00,109000000000.00,962000000000.00,-238000000000.00,148000000000.00,12975799828.00,0.14,0.07,0.09,0.31
AAT,2023,47121459964.00,1010000000000.00,304000000000.00,228000000000.00,75770432374.00,599000000000.00,41388654406.00,-36009573348.00,-18952205167.00,0.08,0.00,0.01,0.30
AAT,2024,52776220545.00,1330000000000.00,609000000000.00,200000000000.00,409000000000.00,583000000000.00,-67642708207.00,34721618353.00,42348981428.00,0.09,-0.01,-0.02,0.46
AAT,2025,84429805187.00,1470000000000.00,717000000000.00,348000000000.00,369000000000.00,1010000000000.00,-9714129936.00,-28830100229.00,65419194872.00,0.08,0.02,0.02,0.49
ABR,2021,44483830851.00,313000000000.00,56749743771.00,52752149490.00,3997594281.00,91154043167.00,13258202571.00,-60674124279.00,0.00,0.49,0.21,0.25,0.18
ABR,2022,53096042917.00,372000000000.00,87026800886.00,82428749105.00,4598051781.00,104000000000.00,48357365073.00,-76230356792.00,0.00,0.51,0.28,0.37,0.23
ABR,2023,33262134698.00,384000000000.00,67943209116.00,50640776335.00,17302432781.00,53676044563.00,13845315508.00,-31877178877.00,0.00,0.62,0.58,0.55,0.18
ABR,2024,21464476134.00,355000000000.00,58905205606.00,46888600505.00,12016605101.00,24896355359.00,2391092860.00,80514995224.00,-40000000000.00,0.86,0.79,1.08,0.17
ABR,2025,23913792301.00,284000000000.00,53554252438.00,46586607517.00,6967644921.00,25651868351.00,-26748196331.00,93228085594.00,-80000000000.00,0.93,0.58,0.79,0.19
ABT,2021,64776903189.00,594000000000.00,176000000000.00,172000000000.00,4170331000.00,342000000000.00,-1912834571.00,-4944118437.00,18452769800.00,0.19,0.10,0.10,0.30
ABT,2022,117000000000.00,623000000000.00,152000000000.00,148000000000.00,3582196000.00,617000000000.00,134000000000.00,-19251544466.00,-53846524669.00,0.19,0.10,0.11,0.24
ABT,2023,83591327478.00,651000000000.00,161000000000.00,156000000000.00,4870536500.00,533000000000.00,59926096797.00,-152000000000.00,-23935738253.00,0.16,0.12,0.13,0.25
ABT,2024,130000000000.00,774000000000.00,211000000000.00,196000000000.00,15324278445.00,583000000000.00,81843023884.00,-42948766492.00,7699343030.00,0.22,0.17,0.19,0.27
ABT,2025,190000000000.00,902000000000.00,231000000000.00,215000000000.00,15824707500.00,707000000000.00,129000000000.00,-149000000000.00,-28560524724.00,0.27,0.22,0.25,0.26
ACC,2021,72982833282.00,1180000000000.00,700000000000.00,448000000000.00,253000000000.00,353000000000.00,-457000000000.00,25341668265.00,320000000000.00,0.21,0.11,0.12,0.60
ACC,2022,102000000000.00,2100000000000.00,884000000000.00,872000000000.00,11382581331.00,642000000000.00,-439000000000.00,-270000000000.00,727000000000.00,0.16,0.13,0.15,0.42
ACC,2023,127000000000.00,2350000000000.00,1070000000000.00,885000000000.00,182000000000.00,652000000000.00,-379000000000.00,158000000000.00,130000000000.00,0.19,0.11,0.11,0.45
ACC,2024,110000000000.00,2990000000000.00,1650000000000.00,1490000000000.00,161000000000.00,copy lại i,433000000000.00,-348000000000.00,-53241998413.00,0.16,0.08,0.09,0.55
ACC,2025,112000000000.00,2820000000000.00,1430000000000.00,882000000000.00,549000000000.00,769000000000.00,-289000000000.00,42099100453.00,315000000000.00,0.15,0.07,0.09,0.51
ACL,2021,154000000000.00,1460000000000.00,752000000000.00,752000000000.00,0.00,1210000000000.00,362000000000.00,-2615105160.00,-295000000000.00,0.13,0.03,0.04,0.52
ACL,2022,275000000000.00,1480000000000.00,657000000000.00,657000000000.00,0.00,1170000000000.00,51857134959.00,-10479851564.00,-105000000000.00,0.24,0.10,0.12,0.44
ACL,2023,166000000000.00,1750000000000.00,950000000000.00,950000000000.00,0.00,1120000000000.00,-193000000000.00,-27191725324.00,253000000000.00,0.15,0.01,0.02,0.54
ACL,2024,189000000000.00,1660000000000.00,854000000000.00,854000000000.00,0.00,1750000000000.00,82360714272.00,-21146883107.00,-66241037685.00,0.11,0.01,0.01,0.51
ACL,2025,266000000000.00,1560000000000.00,712000000000.00,712000000000.00,0.00,2110000000000.00,218000000000.00,-45764057353.00,-175000000000.00,0.13,0.02,0.02,0.46
ADS,2021,177000000000.00,1990000000000.00,1400000000000.00,1300000000000.00,102000000000.00,1510000000000.00,125000000000.00,-59913043028.00,25139754084.00,0.12,0.07,0.07,0.71
ADS,2022,138000000000.00,2180000000000.00,1520000000000.00,1360000000000.00,160000000000.00,1690000000000.00,140000000000.00,-344000000000.00,132000000000.00,0.08,0.04,0.03,0.70
ADS,2023,186000000000.00,2500000000000.00,1590000000000.00,1470000000000.00,113000000000.00,1640000000000.00,-97977589433.00,-17854346952.00,213000000000.00,0.11,0.05,0.05,0.63
ADS,2024,134000000000.00,2600000000000.00,1650000000000.00,1610000000000.00,33274018243.00,1630000000000.00,161000000000.00,-203000000000.00,162000000000.00,0.08,0.03,0.03,0.63
ADS,2025,252000000000.00,2470000000000.00,1450000000000.00,1330000000000.00,122000000000.00,1870000000000.00,-28999698925.00,-31017747888.00,-61979843708.00,0.13,0.06,0.09,0.59
ANT,2021,113000000000.00,240000000000.00,145000000000.00,112000000000.00,32221600000.00,498000000000.00,27132277467.00,-20548239125.00,-39731771085.00,0.23,0.02,0.02,0.60
ANT,2022,166000000000.00,404000000000.00,273000000000.00,227000000000.00,46584320827.00,585000000000.00,40180786636.00,-144000000000.00,92879191551.00,0.28,0.06,0.07,0.68
ANT,2023,155000000000.00,787000000000.00,558000000000.00,363000000000.00,195000000000.00,756000000000.00,-113000000000.00,-67025614262.00,194000000000.00,0.20,0.01,0.00,0.71
ANT,2024,344000000000.00,1220000000000.00,922000000000.00,737000000000.00,185000000000.00,1400000000000.00,-6759825648.00,-206000000000.00,244000000000.00,0.25,0.05,0.06,0.75
ANT,2025,450000000000.00,1440000000000.00,959000000000.00,807000000000.00,151000000000.00,1800000000000.00,250000000000.00,-172000000000.00,153000000000.00,0.25,0.07,0.08,0.67
ANV,2021,553000000000.00,4890000000000.00,2550000000000.00,2340000000000.00,215000000000.00,3490000000000.00,250000000000.00,-300000000000.00,48830623352.00,0.16,0.04,0.04,0.52
ANV,2022,1340000000000.00,5470000000000.00,2590000000000.00,2420000000000.00,168000000000.00,4900000000000.00,266000000000.00,57009454961.00,-334000000000.00,0.27,0.14,0.15,0.47
ANV,2023,447000000000.00,5110000000000.00,2260000000000.00,2100000000000.00,162000000000.00,4440000000000.00,-81705978889.00,416000000000.00,-326000000000.00,0.10,0.01,0.01,0.44
ANV,2024,560000000000.00,4860000000000.00,2070000000000.00,1940000000000.00,125000000000.00,4910000000000.00,728000000000.00,-111000000000.00,-438000000000.00,0.11,0.01,0.02,0.42
ANV,2025,1620000000000.00,5820000000000.00,2300000000000.00,2230000000000.00,66972524822.00,6950000000000.00,998000000000.00,-797000000000.00,-375000000000.00,0.23,0.14,0.17,0.39
ASG,2021,181000000000.00,2140000000000.00,759000000000.00,415000000000.00,344000000000.00,722000000000.00,70743835077.00,-332000000000.00,31461274839.00,0.25,0.05,0.08,0.35
ASG,2022,359000000000.00,3100000000000.00,1220000000000.00,600000000000.00,623000000000.00,1980000000000.00,183000000000.00,-192000000000.00,78994277897.00,0.18,0.08,0.10,0.39
ASG,2023,249000000000.00,3050000000000.00,1200000000000.00,672000000000.00,531000000000.00,1920000000000.00,149000000000.00,-124000000000.00,-65364499322.00,0.13,0.01,0.03,0.39
ASG,2024,305000000000.00,3270000000000.00,1240000000000.00,981000000000.00,261000000000.00,1920000000000.00,145000000000.00,-201000000000.00,166000000000.00,0.16,0.03,0.04,0.38
ASG,2025,430000000000.00,3660000000000.00,1530000000000.00,817000000000.00,715000000000.00,2390000000000.00,220000000000.00,-344000000000.00,167000000000.00,0.18,0.05,0.06,0.42
ASM,2021,1300000000000.00,18200000000000.00,10600000000000.00,6530000000000.00,4060000000000.00,11400000000000.00,1090000000000.00,-794000000000.00,-487000000000.00,0.11,0.06,0.05,0.58
ASM,2022,1950000000000.00,19100000000000.00,11200000000000.00,7600000000000.00,3650000000000.00,13700000000000.00,-340000000000.00,-452000000000.00,1050000000000.00,0.14,0.07,0.08,0.59
ASM,2023,1340000000000.00,20300000000000.00,12500000000000.00,8200000000000.00,4280000000000.00,12000000000000.00,-353000000000.00,-78632607408.00,949000000000.00,0.11,0.02,0.03,0.61
ASM,2024,1380000000000.00,22900000000000.00,14800000000000.00,7830000000000.00,6940000000000.00,12000000000000.00,-969000000000.00,-1170000000000.00,2850000000000.00,0.11,0.02,0.03,0.65
ASM,2025,1370000000000.00,23500000000000.00,15300000000000.00,8850000000000.00,6410000000000.00,11300000000000.00,-329000000000.00,-860000000000.00,-169000000000.00,0.12,0.01,0.02,0.65
BAF,2021,488000000000.00,5460000000000.00,4000000000000.00,3850000000000.00,151000000000.00,10400000000000.00,157000000000.00,-633000000000.00,648000000000.00,0.05,0.03,0.04,0.73
BAF,2022,525000000000.00,4730000000000.00,2990000000000.00,2290000000000.00,695000000000.00,7080000000000.00,-269000000000.00,-579000000000.00,758000000000.00,0.07,0.04,0.05,0.63
BAF,2023,343000000000.00,6530000000000.00,4630000000000.00,3010000000000.00,1610000000000.00,5200000000000.00,-420000000000.00,-1160000000000.00,1520000000000.00,0.07,0.01,0.01,0.71
BAF,2024,716000000000.00,7450000000000.00,4510000000000.00,3060000000000.00,1450000000000.00,5640000000000.00,-292000000000.00,-574000000000.00,919000000000.00,0.13,0.06,0.05,0.61
BAF,2025,682000000000.00,10800000000000.00,6720000000000.00,4330000000000.00,2380000000000.00,5040000000000.00,-1380000000000.00,-1460000000000.00,3060000000000.00,0.14,0.03,0.02,0.62
BCE,2021,36750016973.00,809000000000.00,416000000000.00,416000000000.00,0.00,111000000000.00,-1210023221.00,-4513599978.00,61966734062.00,0.33,0.20,0.17,0.51
BCE,2022,-20650316131.00,648000000000.00,316000000000.00,313000000000.00,2895874804.00,111000000000.00,34190308479.00,-37931378098.00,-48793856653.00,-0.19,-0.53,-0.49,0.49
BCE,2023,37764845747.00,688000000000.00,354000000000.00,354000000000.00,731461329.00,123000000000.00,-1842337820.00,-1850384765.00,20142120201.00,0.31,0.01,0.03,0.52
BCE,2024,110000000000.00,713000000000.00,327000000000.00,326000000000.00,1779067725.00,293000000000.00,74777756191.00,-7764271874.00,-21947911210.00,0.38,0.25,0.27,0.46
BCE,2025,166000000000.00,2570000000000.00,2090000000000.00,1600000000000.00,491000000000.00,880000000000.00,-295000000000.00,3787132539.00,522000000000.00,0.19,0.12,0.14,0.81
BHN,2021,1700000000000.00,7090000000000.00,2250000000000.00,2100000000000.00,148000000000.00,6950000000000.00,724000000000.00,12350885159.00,-832000000000.00,0.24,0.05,0.06,0.32
BHN,2022,2320000000000.00,7260000000000.00,1930000000000.00,1820000000000.00,113000000000.00,8400000000000.00,1040000000000.00,-541000000000.00,-708000000000.00,0.28,0.06,0.07,0.27
BHN,2023,1910000000000.00,7150000000000.00,1840000000000.00,1730000000000.00,116000000000.00,7750000000000.00,482000000000.00,444000000000.00,-274000000000.00,0.25,0.05,0.06,0.26
BHN,2024,2190000000000.00,7260000000000.00,1990000000000.00,1870000000000.00,123000000000.00,8220000000000.00,945000000000.00,-682000000000.00,-391000000000.00,0.27,0.05,0.06,0.27
BHN,2025,2420000000000.00,7540000000000.00,2140000000000.00,1950000000000.00,192000000000.00,8520000000000.00,530000000000.00,-458000000000.00,-321000000000.00,0.28,0.06,0.07,0.28
BMP,2021,704000000000.00,2840000000000.00,545000000000.00,523000000000.00,21851641376.00,4550000000000.00,-30689020205.00,291000000000.00,-283000000000.00,0.15,0.05,0.06,0.19
BMP,2022,1610000000000.00,3040000000000.00,423000000000.00,403000000000.00,20000360583.00,5810000000000.00,799000000000.00,-145000000000.00,-469000000000.00,0.28,0.12,0.15,0.14
BMP,2023,2120000000000.00,3260000000000.00,565000000000.00,546000000000.00,19121527459.00,5160000000000.00,1600000000000.00,-174000000000.00,-966000000000.00,0.41,0.20,0.25,0.17
BMP,2024,1990000000000.00,3200000000000.00,499000000000.00,481000000000.00,17796778543.00,4620000000000.00,901000000000.00,-248000000000.00,-970000000000.00,0.43,0.21,0.27,0.16
BMP,2025,2540000000000.00,3380000000000.00,501000000000.00,484000000000.00,17713807042.00,5510000000000.00,1220000000000.00,-382000000000.00,-1040000000000.00,0.46,0.22,0.28,0.15
BSR,2021,7700000000000.00,66800000000000.00,29200000000000.00,26900000000000.00,2290000000000.00,101000000000000.00,8970000000000.00,-2780000000000.00,-2640000000000.00,0.08,0.07,0.07,0.44
BSR,2022,16100000000000.00,78500000000000.00,27300000000000.00,26000000000000.00,1280000000000.00,167000000000000.00,7090000000000.00,2700000000000.00,-3260000000000.00,0.10,0.09,0.09,0.35
BSR,2023,9760000000000.00,86600000000000.00,29300000000000.00,28400000000000.00,884000000000.00,147000000000000.00,11700000000000.00,-17900000000000.00,-177000000000.00,0.07,0.06,0.07,0.34
BSR,2024,491000000000.00,88400000000000.00,32800000000000.00,32000000000000.00,865000000000.00,123000000000000.00,-80470180397.00,7990000000000.00,3830000000000.00,0.00,0.00,0.01,0.37
BSR,2025,6110000000000.00,85100000000000.00,24600000000000.00,23800000000000.00,856000000000.00,142000000000000.00,5260000000000.00,-21700000000000.00,-5350000000000.00,0.04,0.04,0.04,0.29
CCC,2021,0.00,0.00,0.00,0.00,0.00,0.00,0.00,0.00,0.00,0.00,0.00,0.00,0.00
CCC,2022,0.00,0.00,0.00,0.00,0.00,0.00,0.00,0.00,0.00,0.00,0.00,0.00,0.00
CCC,2023,61043777208.00,2060000000000.00,1590000000000.00,1480000000000.00,107000000000.00,1550000000000.00,0.00,0.00,0.00,0.04,0.02,0.02,0.77
CCC,2024,79400257159.00,2110000000000.00,1540000000000.00,1450000000000.00,83631767752.00,2210000000000.00,224000000000.00,226000000000.00,-265000000000.00,0.04,0.02,0.02,0.73
CCC,2025,99312342429.00,2520000000000.00,1920000000000.00,1880000000000.00,40136736252.00,2710000000000.00,-314000000000.00,-198000000000.00,354000000000.00,0.04,0.02,0.02,0.76
CDC,2021,46580031500.00,1290000000000.00,976000000000.00,901000000000.00,74790394321.00,769000000000.00,-206000000000.00,-86089784311.00,269000000000.00,0.06,0.04,0.02,0.76
CDC,2022,59078952991.00,1650000000000.00,1330000000000.00,1020000000000.00,309000000000.00,1330000000000.00,-153000000000.00,52935514212.00,167000000000.00,0.04,0.00,-0.01,0.81
CDC,2023,95831002418.00,1810000000000.00,1470000000000.00,1220000000000.00,251000000000.00,1300000000000.00,-47615537155.00,-100000000000.00,176000000000.00,0.07,0.01,0.01,0.81
CDC,2024,68086679848.00,2010000000000.00,1550000000000.00,1180000000000.00,373000000000.00,1170000000000.00,-653000000000.00,-34412175045.00,590000000000.00,0.06,0.02,0.00,0.77
CDC,2025,50084239184.00,2880000000000.00,2070000000000.00,1140000000000.00,934000000000.00,1240000000000.00,-612000000000.00,-93978817692.00,808000000000.00,0.04,0.01,0.02,0.72
CIG,2021,15846693681.00,708000000000.00,536000000000.00,444000000000.00,92391063195.00,29583834844.00,-7193490773.00,134799.00,5731300462.00,0.54,0.56,0.31,0.76
CIG,2022,-4636003106.00,730000000000.00,568000000000.00,567000000000.00,223277818.00,83224739215.00,-84829192111.00,88760135914.00,-3867263302.00,-0.06,-0.08,-0.08,0.78
CIG,2023,21089484481.00,699000000000.00,545000000000.00,545000000000.00,34737317.00,66138358271.00,-6497435888.00,65643111.00,5989487585.00,0.32,-0.11,-0.02,0.78
CIG,2024,26838396308.00,982000000000.00,774000000000.00,493000000000.00,281000000000.00,94444115464.00,16542538072.00,-729684629.00,-14137618459.00,0.28,0.58,0.07,0.79
CIG,2025,137000000000.00,2170000000000.00,1780000000000.00,346000000000.00,1430000000000.00,457000000000.00,-223000000000.00,192000000000.00,34441046151.00,0.30,0.25,0.38,0.82
CII,2021,824000000000.00,30900000000000.00,22500000000000.00,9160000000000.00,13300000000000.00,2860000000000.00,-882000000000.00,737000000000.00,395000000000.00,0.29,-0.08,-0.03,0.73
CII,2022,1340000000000.00,28600000000000.00,20300000000000.00,9570000000000.00,10700000000000.00,5750000000000.00,973000000000.00,-22305298181.00,-1360000000000.00,0.23,0.15,0.18,0.71
CII,2023,1160000000000.00,33200000000000.00,24700000000000.00,8140000000000.00,16500000000000.00,3090000000000.00,-1140000000000.00,374000000000.00,1690000000000.00,0.37,0.12,0.15,0.74
CII,2024,1660000000000.00,36700000000000.00,27600000000000.00,8960000000000.00,18600000000000.00,3030000000000.00,472000000000.00,-2060000000000.00,1740000000000.00,0.55,0.21,0.21,0.75
CII,2025,1660000000000.00,37500000000000.00,25600000000000.00,7340000000000.00,18200000000000.00,2960000000000.00,-502000000000.00,-1360000000000.00,1310000000000.00,0.56,0.12,0.16,0.68
CLC,2021,294000000000.00,1060000000000.00,278000000000.00,277000000000.00,505995082.00,2140000000000.00,-13430233964.00,9236829023.00,10346721277.00,0.14,0.07,0.08,0.26
CLC,2022,315000000000.00,1390000000000.00,543000000000.00,543000000000.00,505995082.00,2300000000000.00,-94740123628.00,-39932392254.00,96706854069.00,0.14,0.06,0.08,0.39
CLC,2023,337000000000.00,1570000000000.00,693000000000.00,692000000000.00,505995082.00,2970000000000.00,100000000000.00,-41392425537.00,-55329750088.00,0.11,0.05,0.06,0.44
CLC,2024,407000000000.00,1960000000000.00,1050000000000.00,1020000000000.00,20777353744.00,3690000000000.00,-131000000000.00,-94527098956.00,230000000000.00,0.11,0.04,0.05,0.53
CLC,2025,415000000000.00,1920000000000.00,960000000000.00,944000000000.00,16014545495.00,4140000000000.00,189000000000.00,-24497294893.00,-152000000000.00,0.10,0.04,0.06,0.50
CLL,2021,107000000000.00,679000000000.00,30296931847.00,29620008639.00,676923208.00,264000000000.00,103000000000.00,21311122736.00,-77786917300.00,0.40,0.32,0.37,0.04
CLL,2022,125000000000.00,704000000000.00,53623687047.00,53623687047.00,0.00,264000000000.00,120000000000.00,-30466621772.00,-80748972200.00,0.47,0.34,0.42,0.08
CLL,2023,130000000000.00,675000000000.00,56370722240.00,56370722240.00,0.00,306000000000.00,111000000000.00,16886133672.00,-124000000000.00,0.42,0.32,0.39,0.08
CLL,2024,139000000000.00,682000000000.00,58090148016.00,55914948016.00,2175200000.00,323000000000.00,55782504193.00,-104000000000.00,-86992289900.00,0.43,0.31,0.38,0.09
CLL,2025,145000000000.00,724000000000.00,95291712488.00,82330212488.00,12961500000.00,399000000000.00,146000000000.00,43950155399.00,-79669491550.00,0.36,0.26,0.31,0.13
CMX,2021,289000000000.00,2420000000000.00,1130000000000.00,897000000000.00,229000000000.00,2090000000000.00,-357000000000.00,-421000000000.00,799000000000.00,0.14,0.04,0.05,0.46
CMX,2022,359000000000.00,2910000000000.00,1520000000000.00,1490000000000.00,27881270957.00,2900000000000.00,-166000000000.00,-142000000000.00,308000000000.00,0.12,0.03,0.04,0.52
CMX,2023,304000000000.00,3430000000000.00,1930000000000.00,1580000000000.00,356000000000.00,2040000000000.00,-122000000000.00,-342000000000.00,470000000000.00,0.15,0.03,0.05,0.56
CMX,2024,378000000000.00,3720000000000.00,2050000000000.00,1240000000000.00,815000000000.00,2980000000000.00,-56207241500.00,-124000000000.00,310000000000.00,0.13,0.02,0.02,0.55
CMX,2025,538000000000.00,4790000000000.00,3040000000000.00,2360000000000.00,682000000000.00,2940000000000.00,-339000000000.00,-139000000000.00,384000000000.00,0.18,0.03,0.04,0.63
CRC,2021,25359986776.00,642000000000.00,293000000000.00,158000000000.00,134000000000.00,369000000000.00,-118000000000.00,-73811123043.00,192000000000.00,0.07,0.06,0.03,0.46
CRC,2022,48082450750.00,646000000000.00,272000000000.00,171000000000.00,102000000000.00,422000000000.00,-174643194.00,-22952660818.00,16488571674.00,0.11,0.06,0.06,0.42
CRC,2023,50034052181.00,648000000000.00,246000000000.00,170000000000.00,75648645107.00,354000000000.00,99024375686.00,-43167992490.00,-20517037525.00,0.14,0.08,0.08,0.38
CRC,2024,72582727147.00,1210000000000.00,394000000000.00,258000000000.00,137000000000.00,465000000000.00,-13036883302.00,-228000000000.00,232000000000.00,0.16,0.14,0.10,0.32
CRC,2025,99888617975.00,1390000000000.00,512000000000.00,369000000000.00,143000000000.00,578000000000.00,72237862500.00,-162000000000.00,106000000000.00,0.17,0.11,0.12,0.37
CSM,2021,550000000000.00,4150000000000.00,2900000000000.00,2660000000000.00,232000000000.00,4840000000000.00,-271000000000.00,-8758987052.00,207000000000.00,0.11,0.01,0.01,0.70
CSM,2022,590000000000.00,4200000000000.00,2900000000000.00,2750000000000.00,152000000000.00,5320000000000.00,42034316948.00,-24206485947.00,-68200314054.00,0.11,0.01,0.02,0.69
CSM,2023,557000000000.00,3880000000000.00,2560000000000.00,2460000000000.00,102000000000.00,5230000000000.00,617000000000.00,-35166734159.00,-323000000000.00,0.11,0.01,0.01,0.66
CSM,2024,625000000000.00,3820000000000.00,2460000000000.00,2380000000000.00,70370935017.00,4710000000000.00,349000000000.00,-79326199040.00,-101000000000.00,0.13,0.02,0.02,0.64
CSM,2025,533000000000.00,3820000000000.00,2460000000000.00,2390000000000.00,65913106648.00,4140000000000.00,537000000000.00,-336000000000.00,-97589547152.00,0.13,0.01,0.02,0.64
C47,2021,115000000000.00,1570000000000.00,1230000000000.00,812000000000.00,416000000000.00,882000000000.00,106000000000.00,8049052279.00,-32586612400.00,0.13,0.05,0.05,0.78
C47,2022,98806916921.00,1840000000000.00,1420000000000.00,887000000000.00,534000000000.00,789000000000.00,-62777296946.00,-9127658854.00,-8075653270.00,0.13,0.02,0.02,0.77
C47,2023,108000000000.00,1810000000000.00,1370000000000.00,1040000000000.00,332000000000.00,986000000000.00,21318620759.00,-12279528532.00,-13878435268.00,0.11,0.01,0.01,0.76
C47,2024,83845678698.00,1870000000000.00,1430000000000.00,996000000000.00,437000000000.00,944000000000.00,286000000000.00,-103000000000.00,-43824686816.00,0.09,0.00,0.00,0.77
C47,2025,197000000000.00,1600000000000.00,1100000000000.00,724000000000.00,381000000000.00,1670000000000.00,146000000000.00,64740532831.00,-163000000000.00,0.12,0.03,0.04,0.69
CTD,2021,275000000000.00,13900000000000.00,5680000000000.00,5670000000000.00,2543770801.00,9080000000000.00,421000000000.00,-681000000000.00,-253000000000.00,0.03,0.00,0.00,0.41
CTD,2022,487000000000.00,19000000000000.00,10800000000000.00,10200000000000.00,527000000000.00,14500000000000.00,-1630000000000.00,733000000000.00,1070000000000.00,0.03,0.00,0.00,0.57
CTD,2023,426000000000.00,21700000000000.00,13200000000000.00,12700000000000.00,499000000000.00,16500000000000.00,1470000000000.00,307000000000.00,3636027337.00,0.03,0.01,0.01,0.61
CTD,2024,846000000000.00,27100000000000.00,18400000000000.00,18300000000000.00,60000936512.00,22900000000000.00,-857000000000.00,-799000000000.00,1290000000000.00,0.04,0.02,0.02,0.68
CTD,2025,1110000000000.00,34400000000000.00,25100000000000.00,24800000000000.00,209000000000.00,30700000000000.00,-831000000000.00,-2200000000000.00,2390000000000.00,0.04,0.03,0.03,0.73
CTF,2021,292000000000.00,1760000000000.00,950000000000.00,883000000000.00,66954342500.00,4510000000000.00,-150000000000.00,-5633496412.00,172000000000.00,0.06,0.01,0.01,0.54
CTF,2022,553000000000.00,2530000000000.00,1600000000000.00,1470000000000.00,129000000000.00,6310000000000.00,-543000000000.00,-80566280155.00,643000000000.00,0.09,0.02,0.02,0.63
CTF,2023,410000000000.00,3660000000000.00,2580000000000.00,2220000000000.00,362000000000.00,7100000000000.00,-644000000000.00,-303000000000.00,933000000000.00,0.06,0.01,0.00,0.71
CTF,2024,474000000000.00,3920000000000.00,2800000000000.00,2420000000000.00,377000000000.00,8170000000000.00,-190000000000.00,120000000000.00,78610530026.00,0.06,0.01,0.01,0.71
CTF,2025,478000000000.00,3950000000000.00,2870000000000.00,2620000000000.00,247000000000.00,8440000000000.00,8699852737.00,22544294198.00,65243204189.00,0.06,0.00,0.00,0.73
CTI,2021,268000000000.00,4760000000000.00,3500000000000.00,561000000000.00,2940000000000.00,759000000000.00,258000000000.00,-384000000000.00,159000000000.00,0.35,-0.02,0.00,0.74
CTI,2022,436000000000.00,4500000000000.00,3150000000000.00,595000000000.00,2560000000000.00,894000000000.00,354000000000.00,-208000000000.00,-310000000000.00,0.49,0.11,0.13,0.70
CTI,2023,411000000000.00,4520000000000.00,3110000000000.00,625000000000.00,2480000000000.00,814000000000.00,333000000000.00,-142000000000.00,-221000000000.00,0.50,0.10,0.12,0.69
CTI,2024,419000000000.00,4560000000000.00,3040000000000.00,749000000000.00,2290000000000.00,1110000000000.00,301000000000.00,-78501892717.00,-208000000000.00,0.38,0.10,0.11,0.67
CTI,2025,521000000000.00,4590000000000.00,2710000000000.00,649000000000.00,2060000000000.00,1480000000000.00,376000000000.00,-247000000000.00,-110000000000.00,0.35,0.12,0.16,0.59
CTR,2021,628000000000.00,3960000000000.00,2650000000000.00,2490000000000.00,163000000000.00,7450000000000.00,588000000000.00,-484000000000.00,59950480332.00,0.08,0.05,0.06,0.67
CTR,2022,757000000000.00,6060000000000.00,4420000000000.00,4140000000000.00,283000000000.00,9470000000000.00,72231945769.00,-1520000000000.00,1190000000000.00,0.08,0.05,0.06,0.73
CTR,2023,902000000000.00,6990000000000.00,4990000000000.00,4600000000000.00,392000000000.00,11400000000000.00,573000000000.00,-159000000000.00,-9308043369.00,0.08,0.05,0.06,0.71
CTR,2024,884000000000.00,7110000000000.00,5240000000000.00,4650000000000.00,588000000000.00,12600000000000.00,1140000000000.00,-600000000000.00,-474000000000.00,0.07,0.04,0.05,0.74
CTR,2025,982000000000.00,8190000000000.00,6120000000000.00,5600000000000.00,518000000000.00,13900000000000.00,1460000000000.00,-1030000000000.00,394000000000.00,0.07,0.04,0.05,0.75
DAT,2021,86921713958.00,1630000000000.00,943000000000.00,868000000000.00,74190784968.00,2260000000000.00,95808201535.00,-156000000000.00,-178000000000.00,0.04,0.02,0.02,0.58
DAT,2022,138000000000.00,1750000000000.00,986000000000.00,943000000000.00,43699030222.00,2990000000000.00,26099564234.00,53488175200.00,29676742677.00,0.05,0.03,0.03,0.56
DAT,2023,126000000000.00,1660000000000.00,821000000000.00,796000000000.00,25017130594.00,2940000000000.00,308000000000.00,27790756560.00,-102000000000.00,0.04,0.03,0.03,0.49
DAT,2024,84888407176.00,1520000000000.00,621000000000.00,620000000000.00,345386221.00,2940000000000.00,-146000000000.00,-63113383918.00,-187000000000.00,0.03,0.02,0.02,0.41
DAT,2025,101000000000.00,1530000000000.00,557000000000.00,557000000000.00,0.00,2530000000000.00,130000000000.00,30793641173.00,-115000000000.00,0.04,0.03,0.03,0.36
DBC,2021,1850000000000.00,10900000000000.00,6180000000000.00,5170000000000.00,1000000000000.00,10800000000000.00,586000000000.00,-272000000000.00,-347000000000.00,0.17,0.08,0.09,0.57
DBC,2022,960000000000.00,13000000000000.00,8330000000000.00,7210000000000.00,1120000000000.00,11600000000000.00,312000000000.00,-818000000000.00,933000000000.00,0.08,0.00,0.00,0.64
DBC,2023,1110000000000.00,13000000000000.00,8350000000000.00,7140000000000.00,1200000000000.00,11100000000000.00,-967000000000.00,-258000000000.00,1190000000000.00,0.10,0.00,0.01,0.64
DBC,2024,1930000000000.00,14100000000000.00,7360000000000.00,6420000000000.00,935000000000.00,13600000000000.00,1130000000000.00,-1710000000000.00,435000000000.00,0.14,0.06,0.06,0.52
DBC,2025,2750000000000.00,16000000000000.00,7910000000000.00,6650000000000.00,1260000000000.00,14900000000000.00,1290000000000.00,-1400000000000.00,94489018170.00,0.18,0.10,0.11,0.49
DC4,2021,100000000000.00,982000000000.00,380000000000.00,368000000000.00,11843757745.00,614000000000.00,-151000000000.00,-813508909.00,301000000000.00,0.16,0.07,0.09,0.39
DC4,2022,50662293485.00,1180000000000.00,583000000000.00,574000000000.00,8170106592.00,264000000000.00,-191000000000.00,653764093.00,27088517523.00,0.19,-0.01,0.00,0.49
DC4,2023,220000000000.00,1680000000000.00,976000000000.00,963000000000.00,12652804893.00,578000000000.00,-135000000000.00,-14845675933.00,141000000000.00,0.38,0.19,0.25,0.58
DC4,2024,243000000000.00,2420000000000.00,1610000000000.00,1220000000000.00,394000000000.00,1090000000000.00,-70334950302.00,-208062087.00,176000000000.00,0.22,0.11,0.14,0.67
DC4,2025,461000000000.00,2470000000000.00,1210000000000.00,1190000000000.00,20102726244.00,1650000000000.00,593000000000.00,-412000000000.00,-147000000000.00,0.28,0.11,0.14,0.49
DLG,2021,289000000000.00,7070000000000.00,4750000000000.00,2730000000000.00,2020000000000.00,1540000000000.00,252000000000.00,-13764136592.00,-231000000000.00,0.19,0.01,0.01,0.67
DLG,2022,327000000000.00,5610000000000.00,4500000000000.00,2590000000000.00,1910000000000.00,1350000000000.00,186000000000.00,15040315014.00,-217000000000.00,0.24,-0.89,-0.86,0.80
DLG,2023,223000000000.00,5050000000000.00,4520000000000.00,2770000000000.00,1750000000000.00,1120000000000.00,229000000000.00,2671581096.00,-160000000000.00,0.20,-0.52,-0.50,0.90
DLG,2024,317000000000.00,4350000000000.00,3600000000000.00,2090000000000.00,1500000000000.00,1060000000000.00,188000000000.00,225000000000.00,-513000000000.00,0.30,0.23,-0.04,0.83
DLG,2025,320000000000.00,4220000000000.00,3220000000000.00,2000000000000.00,1220000000000.00,699000000000.00,104000000000.00,67042158621.00,-237000000000.00,0.46,0.60,0.64,0.76
DPG,2021,875000000000.00,5950000000000.00,4170000000000.00,2430000000000.00,1740000000000.00,2550000000000.00,733000000000.00,-616000000000.00,237000000000.00,0.34,0.18,0.20,0.70
DPG,2022,921000000000.00,6140000000000.00,3930000000000.00,2220000000000.00,1710000000000.00,3320000000000.00,333000000000.00,-80817770195.00,-127000000000.00,0.28,0.16,0.18,0.64
DPG,2023,585000000000.00,6690000000000.00,4340000000000.00,2880000000000.00,1460000000000.00,3450000000000.00,608000000000.00,-77009378376.00,-270000000000.00,0.17,0.08,0.09,0.65
DPG,2024,547000000000.00,6420000000000.00,3810000000000.00,2480000000000.00,1320000000000.00,3580000000000.00,-287000000000.00,62770660546.00,-191000000000.00,0.15,0.09,0.10,0.59
DPG,2025,678000000000.00,8130000000000.00,5200000000000.00,2480000000000.00,2720000000000.00,4480000000000.00,-781000000000.00,-758000000000.00,1320000000000.00,0.15,0.10,0.11,0.64
DQC,2021,223000000000.00,1410000000000.00,466000000000.00,414000000000.00,51833025069.00,734000000000.00,-35984232982.00,-47498929523.00,27072243985.00,0.30,0.03,0.03,0.33
DQC,2022,321000000000.00,1490000000000.00,551000000000.00,519000000000.00,32112137811.00,990000000000.00,-80835210416.00,-4791407528.00,49572368929.00,0.32,0.02,0.01,0.37
DQC,2023,279000000000.00,1440000000000.00,544000000000.00,534000000000.00,9708056203.00,859000000000.00,-27086983995.00,-8484293195.00,37698105009.00,0.32,-0.04,-0.04,0.38
DQC,2024,184000000000.00,1210000000000.00,431000000000.00,425000000000.00,5884923963.00,814000000000.00,140000000000.00,-12684709017.00,-114000000000.00,0.23,-0.15,-0.15,0.36
DQC,2025,200000000000.00,1130000000000.00,351000000000.00,348000000000.00,3644385140.00,920000000000.00,75946224806.00,2574924719.00,-75870790413.00,0.22,0.01,0.00,0.31
DRC,2021,747000000000.00,3140000000000.00,1360000000000.00,1360000000000.00,2019748757.00,4380000000000.00,-67813289012.00,-173000000000.00,142000000000.00,0.17,0.07,0.08,0.43
DRC,2022,811000000000.00,3420000000000.00,1510000000000.00,1510000000000.00,1105975000.00,4900000000000.00,28378589952.00,121000000000.00,-83485439416.00,0.17,0.06,0.08,0.44
DRC,2023,649000000000.00,3380000000000.00,1530000000000.00,1510000000000.00,24819284014.00,4500000000000.00,585000000000.00,-126000000000.00,-298000000000.00,0.14,0.05,0.07,0.45
DRC,2024,729000000000.00,4200000000000.00,2280000000000.00,2140000000000.00,146000000000.00,4670000000000.00,-108000000000.00,-238000000000.00,231000000000.00,0.16,0.05,0.06,0.54
DRC,2025,677000000000.00,4180000000000.00,2230000000000.00,2090000000000.00,146000000000.00,5000000000000.00,135000000000.00,-37331533126.00,-111000000000.00,0.14,0.02,0.03,0.53
DVP,2021,319000000000.00,1500000000000.00,126000000000.00,126000000000.00,0.00,609000000000.00,235000000000.00,-60823802049.00,-159000000000.00,0.52,0.46,0.56,0.08
DVP,2022,311000000000.00,1500000000000.00,115000000000.00,115000000000.00,0.00,585000000000.00,186000000000.00,57544237461.00,-240000000000.00,0.53,0.48,0.59,0.08
DVP,2023,228000000000.00,1640000000000.00,260000000000.00,260000000000.00,0.00,549000000000.00,246000000000.00,-68955188222.00,-200000000000.00,0.41,0.60,0.57,0.16
DVP,2024,327000000000.00,1640000000000.00,150000000000.00,150000000000.00,0.00,694000000000.00,192000000000.00,101000000000.00,-280000000000.00,0.47,0.48,0.54,0.09
DVP,2025,334000000000.00,1560000000000.00,97302325439.00,97302325439.00,0.00,587000000000.00,176000000000.00,142000000000.00,-320000000000.00,0.57,0.58,0.69,0.06
EVE,2021,295000000000.00,1270000000000.00,305000000000.00,272000000000.00,32783914430.00,866000000000.00,-52570256707.00,215000000000.00,-163000000000.00,0.34,0.07,0.09,0.24
EVE,2022,384000000000.00,1460000000000.00,429000000000.00,312000000000.00,117000000000.00,1020000000000.00,85259858422.00,-182000000000.00,98296296398.00,0.38,0.09,0.11,0.29
EVE,2023,251000000000.00,1360000000000.00,356000000000.00,234000000000.00,122000000000.00,787000000000.00,148000000000.00,-70951110689.00,-92781945290.00,0.32,0.02,0.02,0.26
EVE,2024,233000000000.00,1280000000000.00,336000000000.00,233000000000.00,103000000000.00,741000000000.00,68890605279.00,-56316828962.00,-34776553112.00,0.31,-0.04,-0.04,0.26
EVE,2025,278000000000.00,1300000000000.00,333000000000.00,229000000000.00,105000000000.00,751000000000.00,79380863890.00,-12360805633.00,-20693774328.00,0.37,0.05,0.06,0.26
EVG,2021,35520338023.00,2030000000000.00,464000000000.00,349000000000.00,115000000000.00,968000000000.00,-340000000000.00,-65478930610.00,449000000000.00,0.04,0.02,0.03,0.23
EVG,2022,37636301815.00,2660000000000.00,65185088192.00,64830740192.00,354348000.00,1280000000000.00,-592000000000.00,-495000000000.00,1050000000000.00,0.03,0.02,0.03,0.02
EVG,2023,48092708151.00,3600000000000.00,972000000000.00,448000000000.00,523000000000.00,1090000000000.00,-449000000000.00,-49318338015.00,597000000000.00,0.04,0.03,0.04,0.27
EVG,2024,58684498345.00,4860000000000.00,2050000000000.00,1040000000000.00,1000000000000.00,1190000000000.00,-657000000000.00,279000000000.00,714000000000.00,0.05,0.03,0.04,0.42
EVG,2025,147000000000.00,6390000000000.00,3480000000000.00,2640000000000.00,834000000000.00,1120000000000.00,174000000000.00,-86555530832.00,-34235118981.00,0.13,0.09,0.11,0.54
FCN,2021,470000000000.00,7500000000000.00,4570000000000.00,3370000000000.00,1200000000000.00,3480000000000.00,-110000000000.00,-1210000000000.00,1270000000000.00,0.13,0.02,0.03,0.61
FCN,2022,356000000000.00,7580000000000.00,4100000000000.00,3150000000000.00,946000000000.00,3050000000000.00,-203000000000.00,-469000000000.00,534000000000.00,0.12,0.02,0.02,0.54
FCN,2023,485000000000.00,8580000000000.00,5220000000000.00,4320000000000.00,901000000000.00,2880000000000.00,410000000000.00,5823407866.00,110000000000.00,0.17,-0.01,0.00,0.61
FCN,2024,441000000000.00,9710000000000.00,6340000000000.00,4810000000000.00,1530000000000.00,3370000000000.00,-171000000000.00,-881000000000.00,824000000000.00,0.13,0.01,0.02,0.65
FCN,2025,703000000000.00,10200000000000.00,6870000000000.00,5500000000000.00,1370000000000.00,4860000000000.00,-86183030247.00,-528000000000.00,902000000000.00,0.14,0.02,0.03,0.67
FMC,2021,529000000000.00,2700000000000.00,723000000000.00,713000000000.00,9932686500.00,5200000000000.00,178000000000.00,-233000000000.00,555000000000.00,0.10,0.06,0.06,0.27
FMC,2022,626000000000.00,2990000000000.00,873000000000.00,863000000000.00,10191338750.00,5700000000000.00,435000000000.00,-515000000000.00,-101000000000.00,0.11,0.06,0.06,0.29
FMC,2023,493000000000.00,3360000000000.00,1120000000000.00,1110000000000.00,10321924250.00,5090000000000.00,207000000000.00,-505000000000.00,163000000000.00,0.10,0.06,0.06,0.33
FMC,2024,752000000000.00,3770000000000.00,1310000000000.00,1300000000000.00,11745817250.00,6910000000000.00,601000000000.00,87717474393.00,-72004011560.00,0.11,0.06,0.06,0.35
FMC,2025,973000000000.00,4840000000000.00,2220000000000.00,2210000000000.00,11218776750.00,8190000000000.00,513000000000.00,-913000000000.00,461000000000.00,0.12,0.05,0.05,0.46
GDT,2021,101000000000.00,381000000000.00,116000000000.00,111000000000.00,4301927770.00,339000000000.00,34347820262.00,38280038704.00,-65235876500.00,0.30,0.18,0.23,0.30
GDT,2022,133000000000.00,406000000000.00,112000000000.00,108000000000.00,3970726937.00,400000000000.00,1011490390.00,80523189369.00,-70404585000.00,0.33,0.17,0.22,0.28
GDT,2023,90239930926.00,409000000000.00,117000000000.00,115000000000.00,2646107049.00,311000000000.00,31909948235.00,-32606741352.00,3955307301.00,0.29,0.12,0.15,0.29
GDT,2024,126000000000.00,527000000000.00,229000000000.00,143000000000.00,86157643666.00,336000000000.00,108000000000.00,-160000000000.00,33812622054.00,0.38,0.16,0.21,0.43
GDT,2025,140000000000.00,553000000000.00,198000000000.00,122000000000.00,75260032648.00,333000000000.00,86975163761.00,-50448098860.00,-36775332396.00,0.42,0.22,0.29,0.36
GEE,2021,1830000000000.00,23100000000000.00,17100000000000.00,10900000000000.00,6210000000000.00,18700000000000.00,-1190000000000.00,-1820000000000.00,3610000000000.00,0.10,0.04,0.04,0.74
GEE,2022,2110000000000.00,17400000000000.00,11400000000000.00,6170000000000.00,5250000000000.00,16700000000000.00,1650000000000.00,1260000000000.00,-3610000000000.00,0.13,0.06,0.07,0.66
GEE,2023,2030000000000.00,13700000000000.00,7770000000000.00,6460000000000.00,1310000000000.00,16600000000000.00,2320000000000.00,4300556419.00,-1910000000000.00,0.12,0.05,0.06,0.57
GEE,2024,3060000000000.00,12900000000000.00,5950000000000.00,5380000000000.00,569000000000.00,21100000000000.00,535000000000.00,1010000000000.00,-1980000000000.00,0.15,0.08,0.10,0.46
GEE,2025,4110000000000.00,16300000000000.00,7950000000000.00,6770000000000.00,1180000000000.00,25500000000000.00,-472000000000.00,631000000000.00,359000000000.00,0.16,0.13,0.17,0.49
GEX,2021,4370000000000.00,61200000000000.00,40700000000000.00,23000000000000.00,17700000000000.00,28600000000000.00,-2510000000000.00,-5780000000000.00,11600000000000.00,0.15,0.06,0.07,0.67
GEX,2022,6460000000000.00,52400000000000.00,31300000000000.00,17300000000000.00,14100000000000.00,32100000000000.00,7920000000000.00,-3130000000000.00,-6530000000000.00,0.20,0.05,0.06,0.60
GEX,2023,5510000000000.00,55100000000000.00,33900000000000.00,18600000000000.00,15300000000000.00,30000000000000.00,4430000000000.00,-6920000000000.00,2650000000000.00,0.18,0.03,0.05,0.61
GEX,2024,6760000000000.00,53800000000000.00,30500000000000.00,17000000000000.00,13500000000000.00,33800000000000.00,2510000000000.00,-967000000000.00,-787000000000.00,0.20,0.08,0.11,0.57
GEX,2025,8420000000000.00,73600000000000.00,43400000000000.00,21800000000000.00,21600000000000.00,39500000000000.00,546000000000.00,-5020000000000.00,9050000000000.00,0.21,0.07,0.11,0.59
GIL,2021,754000000000.00,3770000000000.00,2160000000000.00,2080000000000.00,70606360000.00,4150000000000.00,114000000000.00,-143000000000.00,208000000000.00,0.18,0.08,0.10,0.57
GIL,2022,495000000000.00,3990000000000.00,1480000000000.00,1330000000000.00,147000000000.00,3170000000000.00,-92899023365.00,-228000000000.00,324000000000.00,0.16,0.11,0.14,0.37
GIL,2023,61083822888.00,3360000000000.00,814000000000.00,641000000000.00,172000000000.00,936000000000.00,-319000000000.00,723000000000.00,-508000000000.00,0.07,0.03,-0.05,0.24
GIL,2024,146000000000.00,3260000000000.00,701000000000.00,432000000000.00,269000000000.00,711000000000.00,-211000000000.00,-32265325587.00,53036096835.00,0.21,0.04,0.00,0.22
GIL,2025,162000000000.00,3800000000000.00,1150000000000.00,476000000000.00,672000000000.00,714000000000.00,-603000000000.00,-162000000000.00,614000000000.00,0.23,0.05,0.07,0.30
GMD,2021,1140000000000.00,10700000000000.00,3690000000000.00,2260000000000.00,1420000000000.00,3210000000000.00,965000000000.00,-356000000000.00,-398000000000.00,0.36,0.22,0.27,0.34
GMD,2022,1720000000000.00,13000000000000.00,5080000000000.00,3210000000000.00,1870000000000.00,3900000000000.00,2300000000000.00,-1230000000000.00,-338000000000.00,0.44,0.30,0.34,0.39
GMD,2023,1780000000000.00,13500000000000.00,3810000000000.00,1920000000000.00,1900000000000.00,3850000000000.00,-2870318244.00,915000000000.00,-808000000000.00,0.46,0.66,0.83,0.28
GMD,2024,2140000000000.00,18000000000000.00,4230000000000.00,2100000000000.00,2130000000000.00,4830000000000.00,1530000000000.00,-1380000000000.00,2340000000000.00,0.44,0.40,0.50,0.23
GMD,2025,2740000000000.00,19800000000000.00,4910000000000.00,2340000000000.00,2570000000000.00,5960000000000.00,2140000000000.00,-3380000000000.00,-1100000000000.00,0.46,0.39,0.49,0.25
GSP,2021,106000000000.00,1300000000000.00,641000000000.00,329000000000.00,312000000000.00,1630000000000.00,39716271108.00,-288000000000.00,309000000000.00,0.06,0.03,0.04,0.49
GSP,2022,165000000000.00,1490000000000.00,758000000000.00,329000000000.00,429000000000.00,1840000000000.00,183000000000.00,-363000000000.00,131000000000.00,0.09,0.04,0.05,0.51
GSP,2023,154000000000.00,1520000000000.00,762000000000.00,461000000000.00,301000000000.00,1770000000000.00,205000000000.00,94319489171.00,-206000000000.00,0.09,0.05,0.05,0.50
GSP,2024,191000000000.00,1690000000000.00,839000000000.00,445000000000.00,395000000000.00,2250000000000.00,209000000000.00,-370000000000.00,108000000000.00,0.08,0.04,0.05,0.50
GSP,2025,178000000000.00,2030000000000.00,1120000000000.00,653000000000.00,470000000000.00,3580000000000.00,269000000000.00,-265000000000.00,64091125344.00,0.05,0.03,0.02,0.55
HAG,2021,507000000000.00,18400000000000.00,13800000000000.00,6750000000000.00,7010000000000.00,2100000000000.00,-640000000000.00,1290000000000.00,-667000000000.00,0.24,0.06,0.09,0.75
HAG,2022,1170000000000.00,19800000000000.00,14600000000000.00,9220000000000.00,5390000000000.00,5110000000000.00,37335440000.00,250000000000.00,-293000000000.00,0.23,0.22,0.22,0.74
HAG,2023,1290000000000.00,20900000000000.00,14200000000000.00,9710000000000.00,4520000000000.00,6440000000000.00,101000000000.00,49813413000.00,-181000000000.00,0.20,0.28,0.26,0.68
HAG,2024,2170000000000.00,22300000000000.00,13000000000000.00,11100000000000.00,1830000000000.00,5780000000000.00,-783000000000.00,484000000000.00,407000000000.00,0.38,0.18,0.21,0.58
HAG,2025,2710000000000.00,26400000000000.00,12200000000000.00,10100000000000.00,2080000000000.00,7430000000000.00,940000000000.00,-3540000000000.00,3130000000000.00,0.36,0.30,0.36,0.46
HAH,2021,714000000000.00,3230000000000.00,1330000000000.00,621000000000.00,710000000000.00,1960000000000.00,790000000000.00,-650000000000.00,124000000000.00,0.37,0.28,0.33,0.41
HAH,2022,1420000000000.00,5050000000000.00,2160000000000.00,910000000000.00,1250000000000.00,3210000000000.00,1290000000000.00,-1660000000000.00,299000000000.00,0.44,0.32,0.41,0.43
HAH,2023,611000000000.00,5360000000000.00,2190000000000.00,937000000000.00,1250000000000.00,2610000000000.00,536000000000.00,-776000000000.00,69444230038.00,0.23,0.14,0.17,0.41
HAH,2024,1270000000000.00,7290000000000.00,3320000000000.00,1210000000000.00,2110000000000.00,3990000000000.00,1810000000000.00,-2060000000000.00,929000000000.00,0.32,0.20,0.25,0.46
HAH,2025,1960000000000.00,8710000000000.00,3320000000000.00,1510000000000.00,1800000000000.00,5090000000000.00,1810000000000.00,-2110000000000.00,-88789122580.00,0.39,0.28,0.34,0.38
HAS,2021,14773224969.00,203000000000.00,61052827309.00,60763777286.00,289050023.00,198000000000.00,-8899067858.00,-7354226800.00,1410818218.00,0.07,0.02,0.01,0.30
HAS,2022,10166405465.00,220000000000.00,79503752525.00,71535323341.00,7968429184.00,146000000000.00,22248538965.00,-17966403484.00,-2748340607.00,0.07,0.01,0.00,0.36
HAS,2023,7428008330.00,214000000000.00,74825466608.00,66724120208.00,8101346400.00,116000000000.00,2246545072.00,2758722767.00,-4659347770.00,0.06,0.00,0.00,0.35
HAS,2024,2535458696.00,156000000000.00,27990946400.00,26269199050.00,1721747350.00,69343852258.00,-26043134149.00,31767679417.00,-8496662185.00,0.04,-0.15,-0.13,0.18
HAS,2025,4130686359.00,172000000000.00,47772218265.00,46907929615.00,864288650.00,56955123207.00,-17693375377.00,2428676045.00,15068622096.00,0.07,-0.06,-0.07,0.28
HAX,2021,357000000000.00,1280000000000.00,567000000000.00,563000000000.00,4005146796.00,5550000000000.00,336000000000.00,-42316990296.00,-287000000000.00,0.06,0.03,0.03,0.44
HAX,2022,473000000000.00,2580000000000.00,1610000000000.00,1430000000000.00,185000000000.00,6780000000000.00,-665000000000.00,-373000000000.00,1110000000000.00,0.07,0.04,0.04,0.62
HAX,2023,277000000000.00,2010000000000.00,842000000000.00,839000000000.00,2851834319.00,3980000000000.00,433000000000.00,770064332.00,-474000000000.00,0.07,0.01,0.00,0.42
HAX,2024,512000000000.00,2410000000000.00,918000000000.00,918000000000.00,541681201.00,5510000000000.00,363000000000.00,-160000000000.00,-61415456644.00,0.09,0.04,0.03,0.38
HAX,2025,355000000000.00,2480000000000.00,1110000000000.00,1110000000000.00,547281609.00,4650000000000.00,-311000000000.00,-7893749090.00,151000000000.00,0.08,0.01,-0.01,0.45
HHS,2021,69211197055.00,4270000000000.00,323000000000.00,291000000000.00,32508769940.00,516000000000.00,-81668407309.00,-90039047410.00,109000000000.00,0.13,0.46,0.47,0.08
HHS,2022,37770328929.00,4490000000000.00,326000000000.00,315000000000.00,11307957947.00,385000000000.00,-167000000000.00,295000000000.00,29059048400.00,0.10,0.58,0.57,0.07
HHS,2023,40603641990.00,4670000000000.00,172000000000.00,172000000000.00,666125596.00,367000000000.00,82896862894.00,-87435159943.00,-138000000000.00,0.11,0.96,0.96,0.04
HHS,2024,63930307339.00,5480000000000.00,630000000000.00,629000000000.00,1558679878.00,571000000000.00,291000000000.00,-312000000000.00,-12357884.00,0.11,0.65,0.65,0.12
HHS,2025,23125998510.00,23400000000000.00,6980000000000.00,4390000000000.00,2580000000000.00,893000000000.00,1990000000000.00,-1410000000000.00,143000000000.00,0.03,3.95,3.98,0.30
HHV,2021,925000000000.00,34000000000000.00,26300000000000.00,3230000000000.00,23100000000000.00,1860000000000.00,162000000000.00,-199000000000.00,22049199920.00,0.50,0.16,0.17,0.77
HHV,2022,1020000000000.00,35700000000000.00,27300000000000.00,3860000000000.00,23400000000000.00,2090000000000.00,365000000000.00,-194000000000.00,-51085523526.00,0.49,0.14,0.17,0.77
HHV,2023,1080000000000.00,36800000000000.00,28000000000000.00,3140000000000.00,24900000000000.00,2690000000000.00,393000000000.00,-91734208084.00,-388000000000.00,0.40,0.14,0.16,0.76
HHV,2024,1340000000000.00,38900000000000.00,28000000000000.00,3680000000000.00,24300000000000.00,3310000000000.00,1140000000000.00,-670000000000.00,-461000000000.00,0.41,0.15,0.17,0.72
HHV,2025,1620000000000.00,40800000000000.00,28600000000000.00,3560000000000.00,25000000000000.00,3800000000000.00,1830000000000.00,-1400000000000.00,-155000000000.00,0.43,0.18,0.20,0.70
HID,2021,45591817128.00,1530000000000.00,739000000000.00,201000000000.00,538000000000.00,309000000000.00,-98345307142.00,-47002540163.00,97966373249.00,0.15,0.29,0.19,0.48
HID,2022,28568871969.00,1600000000000.00,647000000000.00,148000000000.00,499000000000.00,229000000000.00,-96276653760.00,-26397635910.00,109000000000.00,0.12,-0.05,-0.06,0.40
HID,2023,45441614799.00,1640000000000.00,697000000000.00,160000000000.00,537000000000.00,346000000000.00,119000000000.00,-93309885923.00,-23316971598.00,0.13,0.00,0.02,0.43
HID,2024,62610500814.00,1700000000000.00,767000000000.00,234000000000.00,533000000000.00,332000000000.00,79746861659.00,-13725070952.00,-954975254.00,0.00,0.00,0.00,0.00
HID,2025,142000000000.00,1920000000000.00,1000000000000.00,334000000000.00,669000000000.00,543000000000.00,196000000000.00,-389000000000.00,137000000000.00,0.26,-0.14,-0.10,0.52
HPA,2021,0.00,0.00,0.00,0.00,0.00,0.00,0.00,0.00,0.00,0.00,0.00,0.00,0.00
HPA,2022,450000000000.00,5490000000000.00,2060000000000.00,1610000000000.00,443000000000.00,6760000000000.00,1440000000000.00,-487000000000.00,-1020000000000.00,0.07,0.00,0.01,0.37
HPA,2023,544000000000.00,5100000000000.00,1510000000000.00,1510000000000.00,128143168.00,6150000000000.00,1230000000000.00,-268000000000.00,-560000000000.00,0.09,0.03,0.04,0.30
HPA,2024,1460000000000.00,4680000000000.00,1440000000000.00,1420000000000.00,19164980409.00,6910000000000.00,1160000000000.00,170000000000.00,-1510000000000.00,0.21,0.15,0.17,0.31
HPA,2025,2130000000000.00,4700000000000.00,1520000000000.00,1500000000000.00,19107103768.00,8120000000000.00,2400000000000.00,-258000000000.00,-1960000000000.00,0.26,0.20,0.22,0.32
HSL,2021,19822294135.00,327000000000.00,65357310303.00,65357310303.00,0.00,305000000000.00,-2049303969.00,-38432494430.00,37823000000.00,0.07,0.05,0.06,0.20
HSL,2022,18051132125.00,489000000000.00,59528895142.00,44782705289.00,14746189853.00,466000000000.00,97696966005.00,-214000000000.00,114000000000.00,0.04,0.03,0.04,0.12
HSL,2023,18558836450.00,480000000000.00,40009261647.00,31767544937.00,8241716710.00,390000000000.00,398278932.00,65098643910.00,-5180637848.00,0.05,0.03,0.03,0.08
HSL,2024,11178776355.00,469000000000.00,22717164088.00,18597827480.00,4119336608.00,139000000000.00,42799041553.00,-25005406498.00,-1491877427.00,0.08,0.05,0.05,0.05
HSL,2025,1317577710.00,554000000000.00,102000000000.00,99469989912.00,2487785369.00,45938567583.00,-23986793328.00,12381093324.00,2062050296.00,0.03,0.00,-0.04,0.18
HTG,2021,444000000000.00,2340000000000.00,1690000000000.00,1370000000000.00,312000000000.00,3860000000000.00,14084391613.00,-177000000000.00,177000000000.00,0.11,0.05,0.06,0.72
HTG,2022,614000000000.00,2410000000000.00,1510000000000.00,1240000000000.00,274000000000.00,5180000000000.00,204000000000.00,-155000000000.00,-83220111898.00,0.12,0.06,0.07,0.63
HTG,2023,432000000000.00,2510000000000.00,1670000000000.00,1440000000000.00,229000000000.00,4700000000000.00,365000000000.00,-120000000000.00,-58120871991.00,0.09,0.04,0.04,0.67
HTG,2024,592000000000.00,2920000000000.00,2000000000000.00,1790000000000.00,208000000000.00,5100000000000.00,390000000000.00,-227000000000.00,93007146108.00,0.12,0.06,0.07,0.68
HTG,2025,631000000000.00,3740000000000.00,2630000000000.00,2330000000000.00,293000000000.00,5410000000000.00,323000000000.00,-802000000000.00,417000000000.00,0.12,0.06,0.07,0.70
HTI,2021,171000000000.00,1560000000000.00,1090000000000.00,138000000000.00,956000000000.00,334000000000.00,86302471721.00,-10036541984.00,-127000000000.00,0.51,0.11,0.13,0.70
HTI,2022,189000000000.00,1510000000000.00,1060000000000.00,189000000000.00,874000000000.00,423000000000.00,190000000000.00,-13246117347.00,-158000000000.00,0.45,0.13,0.16,0.70
HTI,2023,190000000000.00,1390000000000.00,910000000000.00,67534800214.00,843000000000.00,440000000000.00,182000000000.00,46637369182.00,-221000000000.00,0.43,0.13,0.16,0.65
HTI,2024,165000000000.00,1510000000000.00,1000000000000.00,115000000000.00,888000000000.00,490000000000.00,220000000000.00,-224000000000.00,-39752993640.00,0.34,0.13,0.16,0.67
HTI,2025,212000000000.00,1630000000000.00,1010000000000.00,174000000000.00,832000000000.00,496000000000.00,267000000000.00,-133000000000.00,-133000000000.00,0.43,0.34,0.30,0.62
HTL,2021,72908646978.00,338000000000.00,136000000000.00,135000000000.00,915533119.00,906000000000.00,25953714867.00,-414927977.00,-16789421409.00,0.08,0.03,0.02,0.40
HTL,2022,86285034396.00,357000000000.00,125000000000.00,124000000000.00,840468619.00,1050000000000.00,-18545506583.00,-7978944773.00,-8277830654.00,0.08,0.04,0.03,0.35
HTL,2023,90350324425.00,448000000000.00,189000000000.00,188000000000.00,1448109771.00,658000000000.00,38693594664.00,-16861575168.00,-18349846213.00,0.14,0.06,0.05,0.42
HTL,2024,64787267503.00,266000000000.00,85793426090.00,84812152494.00,981273596.00,477000000000.00,67207397905.00,20765154402.00,-102000000000.00,0.14,0.05,0.04,0.32
HTL,2025,68411971208.00,361000000000.00,192000000000.00,191000000000.00,804544411.00,690000000000.00,9527116582.00,-12061897643.00,2807740074.00,0.10,0.04,0.03,0.53
HTV,2021,30430470516.00,423000000000.00,89301131037.00,89301131037.00,0.00,298000000000.00,48229556385.00,-42197302292.00,-13003664150.00,0.10,0.06,0.07,0.21
HTV,2022,27621484112.00,434000000000.00,99544878480.00,99544878480.00,0.00,351000000000.00,18208973130.00,-10832581555.00,-10333197720.00,0.08,0.05,0.05,0.23
HTV,2023,21559133805.00,408000000000.00,82322473466.00,82322473466.00,0.00,300000000000.00,-14042631311.00,18533036753.00,-7804988290.00,0.07,0.03,0.02,0.20
HTV,2024,27310403958.00,397000000000.00,65849156217.00,65849156217.00,0.00,278000000000.00,8485212398.00,16286070768.00,2608800855.00,0.10,0.03,0.02,0.17
HTV,2025,40147223724.00,386000000000.00,47690025512.00,47690025512.00,0.00,273000000000.00,14701335464.00,-14194469345.00,-3927494145.00,0.15,0.06,0.07,0.12
HU1,2021,33260702403.00,663000000000.00,514000000000.00,514000000000.00,3156290.00,796000000000.00,30438484751.00,-5016966261.00,-15970671488.00,0.04,0.00,0.01,0.78
HU1,2022,23837638868.00,702000000000.00,550000000000.00,550000000000.00,0.00,481000000000.00,-35400168213.00,-3336316493.00,13344479236.00,0.05,0.01,0.01,0.78
HU1,2023,10967550852.00,631000000000.00,481000000000.00,481000000000.00,0.00,184000000000.00,-146000000000.00,6473399529.00,137000000000.00,0.06,0.00,0.00,0.76
HU1,2024,14183324831.00,682000000000.00,535000000000.00,535000000000.00,0.00,233000000000.00,-30048215029.00,26368657798.00,53990534382.00,0.06,0.02,-0.01,0.79
HU1,2025,25391804272.00,659000000000.00,509000000000.00,509000000000.00,0.00,394000000000.00,-64167419592.00,-4205807353.00,33141381742.00,0.06,0.01,0.02,0.77
HVH,2021,49711547477.00,718000000000.00,257000000000.00,257000000000.00,0.00,308000000000.00,-78949169530.00,-30434455047.00,154000000000.00,0.16,0.04,0.05,0.36
HVH,2022,76918934837.00,680000000000.00,203000000000.00,203000000000.00,0.00,444000000000.00,42356115762.00,-35673312334.00,6273764733.00,0.17,0.05,0.08,0.30
HVH,2023,43139179573.00,661000000000.00,173000000000.00,173000000000.00,0.00,251000000000.00,74819631872.00,-5428352040.00,-59244149527.00,0.17,0.04,0.05,0.26
HVH,2024,64061531221.00,694000000000.00,143000000000.00,143000000000.00,0.00,394000000000.00,62920437391.00,-74869422101.00,37244231253.00,0.16,0.08,0.10,0.21
HVH,2025,84955488867.00,972000000000.00,381000000000.00,381000000000.00,0.00,701000000000.00,-82225877611.00,-22487183074.00,100000000000.00,0.12,0.06,0.08,0.39
IDI,2021,511000000000.00,7550000000000.00,4410000000000.00,4120000000000.00,295000000000.00,5720000000000.00,255000000000.00,-81102693271.00,-356000000000.00,0.09,0.03,0.03,0.58
IDI,2022,1090000000000.00,8080000000000.00,4720000000000.00,4520000000000.00,193000000000.00,7930000000000.00,530000000000.00,-59117756016.00,-223000000000.00,0.14,0.07,0.07,0.58
IDI,2023,525000000000.00,8280000000000.00,4860000000000.00,4530000000000.00,326000000000.00,7220000000000.00,173000000000.00,-41307040021.00,340000000000.00,0.07,0.01,0.02,0.59
IDI,2024,559000000000.00,9380000000000.00,5890000000000.00,4730000000000.00,1150000000000.00,7140000000000.00,-81588997158.00,-313000000000.00,994000000000.00,0.08,0.01,0.01,0.63
IDI,2025,589000000000.00,9640000000000.00,6010000000000.00,4920000000000.00,1090000000000.00,6950000000000.00,-410000000000.00,-802000000000.00,90536501970.00,0.08,0.02,0.02,0.62
ILB,2021,167000000000.00,1420000000000.00,946000000000.00,293000000000.00,653000000000.00,530000000000.00,173000000000.00,-118000000000.00,-101000000000.00,0.32,0.15,0.18,0.67
ILB,2022,202000000000.00,1560000000000.00,1050000000000.00,373000000000.00,673000000000.00,583000000000.00,127000000000.00,-91098546479.00,-2843010160.00,0.35,0.17,0.21,0.67
ILB,2023,210000000000.00,1590000000000.00,1030000000000.00,430000000000.00,603000000000.00,532000000000.00,187000000000.00,-2714717667.00,-118000000000.00,0.40,0.20,0.25,0.65
ILB,2024,190000000000.00,1590000000000.00,1010000000000.00,475000000000.00,537000000000.00,496000000000.00,198000000000.00,-53477449499.00,-104000000000.00,0.38,0.21,0.26,0.64
ILB,2025,219000000000.00,1860000000000.00,1000000000000.00,432000000000.00,568000000000.00,574000000000.00,108000000000.00,-205000000000.00,147000000000.00,0.38,0.20,0.25,0.54
KDC,2021,2050000000000.00,14100000000000.00,7180000000000.00,5400000000000.00,1780000000000.00,10500000000000.00,-20755019736.00,-1240000000000.00,1440000000000.00,0.20,0.06,0.07,0.51
KDC,2022,2270000000000.00,14000000000000.00,6950000000000.00,5430000000000.00,1520000000000.00,12500000000000.00,-381000000000.00,-300000000000.00,499000000000.00,0.18,0.03,0.04,0.50
KDC,2023,1540000000000.00,12500000000000.00,5310000000000.00,4210000000000.00,1100000000000.00,8650000000000.00,838000000000.00,582000000000.00,-336000000000.00,0.18,0.02,0.04,0.43
KDC,2024,1510000000000.00,13500000000000.00,6210000000000.00,4580000000000.00,1630000000000.00,8320000000000.00,527000000000.00,-1530000000000.00,174000000000.00,0.18,0.01,0.01,0.46
KDC,2025,1670000000000.00,13900000000000.00,6170000000000.00,5070000000000.00,1100000000000.00,9050000000000.00,86177087316.00,600000000000.00,-499000000000.00,0.19,0.06,0.08,0.44
KMR,2021,75554318197.00,1070000000000.00,457000000000.00,450000000000.00,6889047285.00,495000000000.00,8003365262.00,-7419295920.00,-17842007013.00,0.15,0.04,0.03,0.43
KMR,2022,71866362586.00,927000000000.00,294000000000.00,289000000000.00,4996000000.00,599000000000.00,52321633571.00,-11198684278.00,-38545343313.00,0.12,0.03,0.02,0.32
KMR,2023,66178046151.00,879000000000.00,238000000000.00,234000000000.00,4085500000.00,494000000000.00,-12532129346.00,-6791861648.00,27605160184.00,0.13,0.02,0.03,0.27
KMR,2024,56135905253.00,861000000000.00,214000000000.00,212000000000.00,2028000000.00,412000000000.00,19700068889.00,-16052503992.00,-17655585547.00,0.14,0.02,0.03,0.25
KMR,2025,52525056910.00,813000000000.00,161000000000.00,161000000000.00,210000000.00,296000000000.00,37121025720.00,-569836459.00,-44542898596.00,0.18,0.02,0.04,0.20
L10,2021,33512364553.00,1260000000000.00,1010000000000.00,752000000000.00,259000000000.00,1070000000000.00,230000000000.00,-9657838877.00,-45726732979.00,0.03,0.01,0.01,0.80
L10,2022,37866110696.00,1040000000000.00,789000000000.00,556000000000.00,234000000000.00,1040000000000.00,-114000000000.00,-7741773167.00,27857727147.00,0.04,0.02,0.02,0.76
L10,2023,42103990332.00,1270000000000.00,999000000000.00,581000000000.00,417000000000.00,1050000000000.00,268000000000.00,-69139735761.00,-46816287915.00,0.04,0.02,0.03,0.79
L10,2024,51279957246.00,1380000000000.00,1100000000000.00,827000000000.00,270000000000.00,1070000000000.00,-213000000000.00,-727705536.00,57723130811.00,0.05,0.03,0.03,0.80
L10,2025,89017397600.00,1300000000000.00,995000000000.00,824000000000.00,171000000000.00,1440000000000.00,-25214776285.00,33816309511.00,51244803761.00,0.06,0.03,0.03,0.77
LAF,2021,81037752093.00,280000000000.00,83292387999.00,80523766918.00,2768621081.00,415000000000.00,2136060148.00,-17449267288.00,27918355434.00,0.20,0.10,0.11,0.30
LAF,2022,81286789357.00,404000000000.00,217000000000.00,214000000000.00,2740650818.00,510000000000.00,-103000000000.00,-14684058610.00,106000000000.00,0.16,0.05,0.07,0.54
LAF,2023,77247907503.00,332000000000.00,110000000000.00,108000000000.00,2638421529.00,431000000000.00,101000000000.00,-4273333148.00,-103000000000.00,0.18,0.07,0.09,0.33
LAF,2024,103000000000.00,366000000000.00,119000000000.00,116000000000.00,2514570395.00,466000000000.00,106000000000.00,-87144699358.00,-16574304235.00,0.22,0.10,0.13,0.32
LAF,2025,94874109320.00,584000000000.00,327000000000.00,324000000000.00,2569077020.00,616000000000.00,-119000000000.00,-26843945112.00,151000000000.00,0.15,0.07,0.08,0.56
LCG,2021,429000000000.00,5800000000000.00,3420000000000.00,2560000000000.00,851000000000.00,1800000000000.00,319000000000.00,-226000000000.00,-79124870746.00,0.24,0.10,0.13,0.59
LCG,2022,129000000000.00,5050000000000.00,2460000000000.00,2280000000000.00,184000000000.00,1010000000000.00,-924000000000.00,663000000000.00,106000000000.00,0.13,0.19,0.26,0.49
LCG,2023,285000000000.00,5980000000000.00,3440000000000.00,3290000000000.00,153000000000.00,2010000000000.00,727000000000.00,-38761204958.00,-56897809046.00,0.14,0.05,0.07,0.58
LCG,2024,344000000000.00,6020000000000.00,3430000000000.00,3260000000000.00,173000000000.00,2820000000000.00,-530000000000.00,-118000000000.00,275000000000.00,0.12,0.04,0.06,0.57
LCG,2025,304000000000.00,7570000000000.00,4790000000000.00,4670000000000.00,119000000000.00,3000000000000.00,835000000000.00,-297000000000.00,91278603465.00,0.10,0.05,0.06,0.63
LGC,2021,530000000000.00,12200000000000.00,7490000000000.00,1400000000000.00,6090000000000.00,900000000000.00,345000000000.00,-207000000000.00,-127000000000.00,0.59,0.34,0.28,0.62
LGC,2022,821000000000.00,12800000000000.00,7910000000000.00,2220000000000.00,5680000000000.00,1340000000000.00,408000000000.00,-710000000000.00,217000000000.00,0.61,0.35,0.36,0.62
LGC,2023,1070000000000.00,22900000000000.00,17700000000000.00,3100000000000.00,14600000000000.00,1600000000000.00,144000000000.00,-147000000000.00,611000000000.00,0.67,0.58,0.61,0.77
LGC,2024,1690000000000.00,23500000000000.00,17800000000000.00,1760000000000.00,16000000000000.00,2500000000000.00,588000000000.00,-738000000000.00,-250000000000.00,0.67,0.32,0.33,0.76
LGC,2025,1650000000000.00,23500000000000.00,17300000000000.00,2180000000000.00,15100000000000.00,2600000000000.00,572000000000.00,122000000000.00,-615000000000.00,0.63,0.28,0.29,0.74
LIX,2021,533000000000.00,1170000000000.00,419000000000.00,410000000000.00,8340442097.00,2610000000000.00,213000000000.00,-53647946127.00,-32400000000.00,0.20,0.06,0.08,0.36
LIX,2022,640000000000.00,1230000000000.00,384000000000.00,377000000000.00,7073317431.00,2820000000000.00,164000000000.00,-14205765426.00,-97200000000.00,0.23,0.07,0.09,0.31
LIX,2023,613000000000.00,1310000000000.00,424000000000.00,416000000000.00,8040967559.00,2800000000000.00,247000000000.00,-57752732545.00,-113000000000.00,0.22,0.07,0.09,0.32
LIX,2024,616000000000.00,1400000000000.00,460000000000.00,451000000000.00,8405538402.00,2880000000000.00,260000000000.00,-59423540944.00,-97200000000.00,0.21,0.07,0.09,0.33
LIX,2025,667000000000.00,1610000000000.00,575000000000.00,567000000000.00,8054117545.00,3070000000000.00,206000000000.00,-110000000000.00,-110000000000.00,0.22,0.07,0.08,0.36
LM8,2021,100000000000.00,1340000000000.00,1050000000000.00,1040000000000.00,7595513844.00,1430000000000.00,80666468579.00,42019356146.00,-112000000000.00,0.07,0.01,0.01,0.78
LM8,2022,110000000000.00,1360000000000.00,1060000000000.00,1060000000000.00,0.00,1360000000000.00,63313619627.00,20001289602.00,-86233937800.00,0.08,0.01,0.02,0.78
LM8,2023,113000000000.00,1220000000000.00,922000000000.00,915000000000.00,7143181630.00,1330000000000.00,199000000000.00,3073936397.00,-198000000000.00,0.09,0.01,0.01,0.76
LM8,2024,101000000000.00,1190000000000.00,883000000000.00,878000000000.00,4232068726.00,1550000000000.00,80426317713.00,-474730519.00,-59195681877.00,0.07,0.01,0.01,0.74
LM8,2025,140000000000.00,1380000000000.00,1070000000000.00,1020000000000.00,52802834118.00,1520000000000.00,-183000000000.00,3647749900.00,146000000000.00,0.09,0.01,0.03,0.78
LSS,2021,194000000000.00,2530000000000.00,923000000000.00,846000000000.00,76636307228.00,2140000000000.00,57459011665.00,-141000000000.00,106000000000.00,0.09,0.02,0.02,0.37
LSS,2022,213000000000.00,2490000000000.00,859000000000.00,784000000000.00,74158400796.00,1920000000000.00,79854980150.00,-52844852468.00,-28281525331.00,0.11,0.02,0.02,0.34
LSS,2023,249000000000.00,2720000000000.00,1010000000000.00,949000000000.00,63866119671.00,2210000000000.00,-81230389359.00,-114000000000.00,278000000000.00,0.11,0.04,0.04,0.37
LSS,2024,315000000000.00,3110000000000.00,1350000000000.00,1320000000000.00,30327989515.00,2690000000000.00,-99036536449.00,13343471539.00,87307664129.00,0.12,0.04,0.05,0.43
LSS,2025,328000000000.00,3350000000000.00,1540000000000.00,1510000000000.00,27488361277.00,2210000000000.00,-82004611756.00,-156000000000.00,208000000000.00,0.15,0.06,0.07,0.46
MCH,2021,11800000000000.00,30200000000000.00,13200000000000.00,11900000000000.00,1320000000000.00,27800000000000.00,5820000000000.00,2100000000000.00,1290000000000.00,0.42,0.20,0.23,0.44
MCH,2022,11100000000000.00,33500000000000.00,11100000000000.00,10100000000000.00,1010000000000.00,27000000000000.00,2480000000000.00,-9270000000000.00,-638000000000.00,0.41,0.21,0.23,0.33
MCH,2023,13000000000000.00,40600000000000.00,14200000000000.00,13700000000000.00,448000000000.00,28200000000000.00,6260000000000.00,-7090000000000.00,1030000000000.00,0.46,0.25,0.29,0.35
MCH,2024,14400000000000.00,27900000000000.00,16600000000000.00,14600000000000.00,1970000000000.00,30900000000000.00,9230000000000.00,11500000000000.00,-20800000000000.00,0.47,0.26,0.29,0.59
MCH,2025,13900000000000.00,34000000000000.00,15300000000000.00,12600000000000.00,2660000000000.00,30600000000000.00,2130000000000.00,1090000000000.00,-628000000000.00,0.46,0.22,0.25,0.45
MCM,2021,899000000000.00,2490000000000.00,314000000000.00,290000000000.00,23649353934.00,2930000000000.00,230000000000.00,-1180000000000.00,1020000000000.00,0.31,0.11,0.12,0.13
MCM,2022,1020000000000.00,2460000000000.00,245000000000.00,238000000000.00,6970111397.00,3130000000000.00,268000000000.00,303000000000.00,-352000000000.00,0.32,0.11,0.13,0.10
MCM,2023,1010000000000.00,2610000000000.00,279000000000.00,274000000000.00,4352077258.00,3140000000000.00,287000000000.00,-324000000000.00,-220000000000.00,0.32,0.12,0.14,0.11
MCM,2024,849000000000.00,2690000000000.00,381000000000.00,378000000000.00,3877617909.00,2920000000000.00,196000000000.00,-94009960513.00,-121000000000.00,0.29,0.08,0.09,0.14
MCM,2025,797000000000.00,2680000000000.00,401000000000.00,397000000000.00,3075016511.00,2830000000000.00,181000000000.00,71829270732.00,-252000000000.00,0.28,0.08,0.09,0.15
MHC,2021,4000901809.00,1470000000000.00,906000000000.00,273000000000.00,633000000000.00,23898658790.00,-13900360953.00,-223000000000.00,367000000000.00,0.17,2.04,2.50,0.61
MHC,2022,-1688203912.00,1160000000000.00,639000000000.00,260000000000.00,379000000000.00,50745416117.00,116000000000.00,-108000000000.00,-117000000000.00,-0.03,-0.61,-0.64,0.55
MHC,2023,7339554266.00,721000000000.00,178000000000.00,25593088752.00,153000000000.00,132000000000.00,13430946247.00,397000000000.00,-436000000000.00,0.06,0.20,0.21,0.25
MHC,2024,-243100890.00,942000000000.00,388000000000.00,235000000000.00,153000000000.00,14288898450.00,-298000000000.00,94524186592.00,212000000000.00,-0.02,0.83,1.01,0.41
MHC,2025,-2759311492.00,747000000000.00,94814432784.00,92670663056.00,2143769728.00,44186608141.00,488000000000.00,-338000000000.00,-141000000000.00,-0.06,3.71,4.45,0.13
MSH,2021,931000000000.00,3200000000000.00,1710000000000.00,1530000000000.00,178000000000.00,4750000000000.00,200000000000.00,164000000000.00,-120000000000.00,0.20,0.09,0.12,0.53
MSH,2022,829000000000.00,3290000000000.00,1580000000000.00,1270000000000.00,306000000000.00,5520000000000.00,890000000000.00,-674000000000.00,-166000000000.00,0.15,0.06,0.08,0.48
MSH,2023,564000000000.00,3450000000000.00,1640000000000.00,1340000000000.00,308000000000.00,4540000000000.00,-7607508382.00,-81623884416.00,121000000000.00,0.12,0.05,0.07,0.48
MSH,2024,830000000000.00,4520000000000.00,2470000000000.00,1860000000000.00,608000000000.00,5280000000000.00,164000000000.00,-145000000000.00,412000000000.00,0.16,0.08,0.11,0.55
MSH,2025,1170000000000.00,4680000000000.00,2460000000000.00,1820000000000.00,648000000000.00,5540000000000.00,623000000000.00,-300000000000.00,-469000000000.00,0.21,0.12,0.15,0.53
MSN,2021,22100000000000.00,126000000000000.00,83800000000000.00,34500000000000.00,49200000000000.00,88600000000000.00,1140000000000.00,6350000000000.00,7100000000000.00,0.25,0.11,0.13,0.66
MSN,2022,21000000000000.00,141000000000000.00,105000000000000.00,65300000000000.00,39400000000000.00,76200000000000.00,-3790000000000.00,-26400000000000.00,21800000000000.00,0.28,0.06,0.07,0.74
MSN,2023,22100000000000.00,147000000000000.00,109000000000000.00,50400000000000.00,58700000000000.00,78300000000000.00,500000000000.00,-7820000000000.00,3550000000000.00,0.28,0.02,0.03,0.74
MSN,2024,24700000000000.00,148000000000000.00,107000000000000.00,58700000000000.00,48100000000000.00,83200000000000.00,9530000000000.00,-10700000000000.00,9670000000000.00,0.30,0.05,0.08,0.72
MSN,2025,25600000000000.00,129000000000000.00,83900000000000.00,40300000000000.00,43600000000000.00,81600000000000.00,1370000000000.00,16900000000000.00,-24800000000000.00,0.31,0.08,0.10,0.65
NAF,2021,291000000000.00,1650000000000.00,818000000000.00,701000000000.00,117000000000.00,1610000000000.00,108000000000.00,-140000000000.00,57157671340.00,0.18,0.05,0.06,0.49
NAF,2022,376000000000.00,1740000000000.00,852000000000.00,772000000000.00,79276949746.00,1770000000000.00,2257436871.00,-60142980430.00,60089541450.00,0.21,0.05,0.06,0.49
NAF,2023,470000000000.00,2040000000000.00,1060000000000.00,965000000000.00,90758888259.00,1730000000000.00,125000000000.00,-259000000000.00,143000000000.00,0.27,0.06,0.07,0.52
NAF,2024,406000000000.00,2030000000000.00,1040000000000.00,856000000000.00,187000000000.00,1440000000000.00,108000000000.00,-68628034280.00,-47790919031.00,0.28,0.08,0.09,0.51
NAF,2025,469000000000.00,2320000000000.00,1540000000000.00,1000000000000.00,538000000000.00,2060000000000.00,89557945968.00,-198000000000.00,109000000000.00,0.23,0.07,0.08,0.66
NAV,2021,10775578894.00,181000000000.00,78784875711.00,76591175711.00,2193700000.00,61294547158.00,-24082698958.00,6109791027.00,-18399950000.00,0.18,0.30,0.33,0.44
NAV,2022,15781236531.00,114000000000.00,5137800285.00,4120230285.00,1017570000.00,101000000000.00,-46003134238.00,73345037499.00,-24319946000.00,0.16,0.23,0.25,0.05
NAV,2023,15464607980.00,121000000000.00,5380203599.00,2549873599.00,2830330000.00,129000000000.00,8178653083.00,12633902960.00,-12799968000.00,0.12,0.16,0.18,0.04
NAV,2024,17917667552.00,118000000000.00,6343737433.00,4010267433.00,2333470000.00,106000000000.00,-18066776297.00,45098284810.00,-21599946000.00,0.17,0.18,0.20,0.05
NAV,2025,15087149878.00,108000000000.00,5167300195.00,2593830195.00,2573470000.00,120000000000.00,25504532303.00,-16794651005.00,-22399944000.00,0.13,0.12,0.13,0.05
NCT,2021,347000000000.00,554000000000.00,96653305235.00,87823641545.00,8829663690.00,742000000000.00,220000000000.00,-45266196570.00,-170000000000.00,0.47,0.30,0.38,0.17
NCT,2022,359000000000.00,501000000000.00,68261492615.00,59181492615.00,9080000000.00,736000000000.00,222000000000.00,16252970524.00,-256000000000.00,0.49,0.32,0.40,0.14
NCT,2023,339000000000.00,555000000000.00,121000000000.00,110000000000.00,11209879500.00,702000000000.00,271000000000.00,-56885412549.00,-209000000000.00,0.48,0.31,0.39,0.22
NCT,2024,414000000000.00,741000000000.00,183000000000.00,168000000000.00,14079631054.00,921000000000.00,255000000000.00,-37706603199.00,-131000000000.00,0.45,0.29,0.36,0.25
NCT,2025,564000000000.00,969000000000.00,260000000000.00,244000000000.00,15987979220.00,1210000000000.00,414000000000.00,-234000000000.00,-209000000000.00,0.47,0.32,0.39,0.27
NHA,2021,14011551580.00,506000000000.00,222000000000.00,163000000000.00,58838702700.00,122000000000.00,-43106787686.00,-87945446257.00,132000000000.00,0.11,0.02,0.03,0.44
NHA,2022,17498858619.00,697000000000.00,270000000000.00,209000000000.00,61075280924.00,108000000000.00,73040197915.00,-171000000000.00,105000000000.00,0.16,0.02,0.02,0.39
NHA,2023,23057232494.00,685000000000.00,252000000000.00,193000000000.00,58993806124.00,73133546015.00,20244085092.00,-50791127435.00,31500000000.00,0.32,0.08,0.09,0.37
NHA,2024,89448032673.00,801000000000.00,285000000000.00,234000000000.00,50888432074.00,160000000000.00,94225736368.00,-107000000000.00,25784513150.00,0.56,0.39,0.49,0.36
NHA,2025,116000000000.00,1030000000000.00,434000000000.00,278000000000.00,156000000000.00,295000000000.00,159000000000.00,-263000000000.00,145000000000.00,0.39,0.27,0.34,0.42
NO1,2021,40815439252.00,390000000000.00,181000000000.00,170000000000.00,10967145607.00,540000000000.00,-23968831843.00,-41462564959.00,61011109350.00,0.08,0.03,0.03,0.46
NO1,2022,96059663972.00,1140000000000.00,834000000000.00,823000000000.00,10699005736.00,1330000000000.00,636000000000.00,-699000000000.00,90211160195.00,0.07,0.03,0.04,0.73
NO1,2023,34826788256.00,438000000000.00,130000000000.00,123000000000.00,6882834499.00,611000000000.00,-602000000000.00,644000000000.00,-33477879443.00,0.06,0.03,0.03,0.30
NO1,2024,53128792321.00,538000000000.00,223000000000.00,220000000000.00,2776473289.00,802000000000.00,9930062426.00,70440921945.00,-21899672668.00,0.07,0.02,0.03,0.41
NO1,2025,94478126250.00,808000000000.00,487000000000.00,446000000000.00,40854645669.00,1080000000000.00,241000000000.00,-265000000000.00,43946641535.00,0.09,0.01,0.02,0.60
NSC,2021,621000000000.00,1930000000000.00,627000000000.00,595000000000.00,31948027389.00,1930000000000.00,133000000000.00,-23650593881.00,-60025909942.00,0.32,0.12,0.13,0.32
NSC,2022,633000000000.00,2030000000000.00,674000000000.00,643000000000.00,31637113424.00,1890000000000.00,211000000000.00,-27992837112.00,-87019174158.00,0.34,0.12,0.14,0.33
NSC,2023,635000000000.00,2220000000000.00,775000000000.00,743000000000.00,32115702452.00,2040000000000.00,251000000000.00,-187000000000.00,4761477155.00,0.31,0.11,0.13,0.35
NSC,2024,726000000000.00,2150000000000.00,634000000000.00,602000000000.00,32634694418.00,2450000000000.00,12188814736.00,-19149162975.00,-194000000000.00,0.30,0.09,0.11,0.29
NSC,2025,673000000000.00,2610000000000.00,960000000000.00,927000000000.00,32496583632.00,2300000000000.00,-73632136488.00,-147000000000.00,324000000000.00,0.29,0.10,0.12,0.37
PAC,2021,447000000000.00,2470000000000.00,1610000000000.00,1550000000000.00,67656261696.00,3050000000000.00,242000000000.00,-161000000000.00,-111000000000.00,0.15,0.06,0.07,0.65
PAC,2022,483000000000.00,2420000000000.00,1490000000000.00,1450000000000.00,45483428020.00,3400000000000.00,-20439067426.00,102000000000.00,-86545861758.00,0.14,0.05,0.06,0.62
PAC,2023,434000000000.00,2430000000000.00,1490000000000.00,1470000000000.00,21614229301.00,3180000000000.00,232000000000.00,-4104720882.00,-181000000000.00,0.14,0.04,0.05,0.61
PAC,2024,418000000000.00,2540000000000.00,1570000000000.00,1560000000000.00,15045046393.00,3210000000000.00,31293357929.00,-49425988117.00,55307698545.00,0.13,0.04,0.05,0.62
PAC,2025,422000000000.00,2740000000000.00,1710000000000.00,1710000000000.00,7975863485.00,3590000000000.00,14501299555.00,-182000000000.00,66248189374.00,0.12,0.03,0.04,0.63
PAN,2021,1750000000000.00,15000000000000.00,7440000000000.00,5990000000000.00,1450000000000.00,9250000000000.00,-1430000000000.00,807000000000.00,1440000000000.00,0.19,0.06,0.06,0.50
PAN,2022,2740000000000.00,16100000000000.00,8200000000000.00,7810000000000.00,391000000000.00,13700000000000.00,1050000000000.00,-1940000000000.00,-107000000000.00,0.20,0.06,0.06,0.51
PAN,2023,2660000000000.00,20200000000000.00,11800000000000.00,10900000000000.00,979000000000.00,13200000000000.00,-4270000000000.00,169000000000.00,3660000000000.00,0.20,0.06,0.07,0.59
PAN,2024,3380000000000.00,23800000000000.00,15000000000000.00,14400000000000.00,589000000000.00,16200000000000.00,-1740000000000.00,890000000000.00,2390000000000.00,0.21,0.07,0.08,0.63
PAN,2025,3540000000000.00,15600000000000.00,6520000000000.00,5700000000000.00,822000000000.00,17600000000000.00,9050000000000.00,-1070000000000.00,-8340000000000.00,0.20,0.07,0.08,0.42
PC1,2021,1160000000000.00,18700000000000.00,12400000000000.00,5800000000000.00,6610000000000.00,9830000000000.00,93240767944.00,-4950000000000.00,5680000000000.00,0.12,0.08,0.09,0.66
PC1,2022,1590000000000.00,21800000000000.00,14600000000000.00,5950000000000.00,8630000000000.00,8360000000000.00,1290000000000.00,-3810000000000.00,2810000000000.00,0.19,0.06,0.08,0.67
PC1,2023,1450000000000.00,20200000000000.00,13000000000000.00,4780000000000.00,8250000000000.00,7690000000000.00,1050000000000.00,-72310226906.00,-1490000000000.00,0.19,0.02,0.04,0.65
PC1,2024,2090000000000.00,21000000000000.00,13300000000000.00,5080000000000.00,8190000000000.00,10100000000000.00,1090000000000.00,-646000000000.00,-268000000000.00,0.21,0.07,0.08,0.63
PC1,2025,2720000000000.00,24600000000000.00,15700000000000.00,7790000000000.00,7900000000000.00,13100000000000.00,2270000000000.00,-1470000000000.00,729000000000.00,0.21,0.10,0.12,0.64
PDN,2021,268000000000.00,1140000000000.00,417000000000.00,281000000000.00,137000000000.00,893000000000.00,226000000000.00,-181000000000.00,-42179027016.00,0.30,0.18,0.22,0.37
PDN,2022,365000000000.00,1240000000000.00,410000000000.00,293000000000.00,117000000000.00,1070000000000.00,263000000000.00,-78428379066.00,-128000000000.00,0.34,0.22,0.27,0.33
PDN,2023,429000000000.00,1360000000000.00,359000000000.00,271000000000.00,88230923575.00,1170000000000.00,265000000000.00,-159000000000.00,-154000000000.00,0.37,0.25,0.32,0.26
PDN,2024,499000000000.00,1550000000000.00,309000000000.00,239000000000.00,69774590242.00,1340000000000.00,382000000000.00,-134000000000.00,-152000000000.00,0.37,0.26,0.32,0.20
PDN,2025,592000000000.00,1840000000000.00,359000000000.00,310000000000.00,49254590242.00,1580000000000.00,402000000000.00,-419000000000.00,-140000000000.00,0.38,0.28,0.35,0.19
PDV,2021,66675525634.00,875000000000.00,531000000000.00,262000000000.00,269000000000.00,824000000000.00,49831923168.00,-11914418426.00,-27801026782.00,0.08,0.03,0.03,0.61
PDV,2022,222000000000.00,921000000000.00,475000000000.00,245000000000.00,229000000000.00,973000000000.00,140000000000.00,-66049250201.00,-80918871185.00,0.23,0.13,0.15,0.52
PDV,2023,140000000000.00,1310000000000.00,717000000000.00,266000000000.00,450000000000.00,1080000000000.00,37468809351.00,-320000000000.00,332000000000.00,0.13,0.06,0.06,0.55
PDV,2024,217000000000.00,2160000000000.00,1170000000000.00,376000000000.00,789000000000.00,1360000000000.00,160000000000.00,-621000000000.00,582000000000.00,0.16,0.16,0.09,0.54
PDV,2025,168000000000.00,2230000000000.00,1190000000000.00,389000000000.00,804000000000.00,1940000000000.00,119000000000.00,-126000000000.00,34357182418.00,0.09,0.05,0.04,0.53
PHC,2021,86941529647.00,2460000000000.00,1770000000000.00,1600000000000.00,162000000000.00,935000000000.00,-238000000000.00,11052168045.00,200000000000.00,0.09,0.06,0.07,0.72
PHC,2022,116000000000.00,2710000000000.00,2040000000000.00,1890000000000.00,149000000000.00,1920000000000.00,19406389072.00,-117000000000.00,94088417160.00,0.06,0.01,0.01,0.75
PHC,2023,134000000000.00,3170000000000.00,2500000000000.00,2360000000000.00,142000000000.00,1810000000000.00,-142000000000.00,-103000000000.00,350000000000.00,0.07,0.00,0.01,0.79
PHC,2024,87502911448.00,3240000000000.00,2580000000000.00,2460000000000.00,120000000000.00,1560000000000.00,37800201169.00,50009423706.00,-12180406814.00,0.06,0.00,0.01,0.80
PHC,2025,117000000000.00,3720000000000.00,3040000000000.00,2940000000000.00,102000000000.00,1540000000000.00,27745328683.00,-53625309331.00,2278921946.00,0.08,0.01,0.01,0.82
PJT,2021,63692645236.00,533000000000.00,232000000000.00,101000000000.00,131000000000.00,627000000000.00,68355301097.00,-90155866777.00,13014815822.00,0.10,0.04,0.03,0.44
PJT,2022,64028318867.00,493000000000.00,190000000000.00,107000000000.00,82609793000.00,822000000000.00,82508274584.00,5448917342.00,-66874298101.00,0.08,0.03,0.02,0.39
PJT,2023,63858726185.00,430000000000.00,131000000000.00,82864741420.00,47836943000.00,707000000000.00,69484371026.00,1884207325.00,-66415343329.00,0.09,0.03,0.03,0.30
PJT,2024,70504389080.00,444000000000.00,118000000000.00,103000000000.00,14806943000.00,699000000000.00,74718939996.00,9593145835.00,-34809651745.00,0.10,0.04,0.04,0.27
PJT,2025,66843661852.00,527000000000.00,198000000000.00,114000000000.00,83628000000.00,716000000000.00,89586564242.00,-148000000000.00,34789087830.00,0.09,0.03,0.04,0.38
PLX,2021,12600000000000.00,64800000000000.00,36500000000000.00,35200000000000.00,1320000000000.00,169000000000000.00,-656000000000.00,-4440000000000.00,686000000000.00,0.07,0.02,0.02,0.56
PLX,2022,12300000000000.00,74500000000000.00,46700000000000.00,45700000000000.00,998000000000.00,304000000000000.00,5090000000000.00,3000000000000.00,-2710000000000.00,0.04,0.01,0.01,0.63
PLX,2023,15300000000000.00,79700000000000.00,50500000000000.00,49700000000000.00,813000000000.00,274000000000000.00,5270000000000.00,-7070000000000.00,4240000000000.00,0.06,0.01,0.01,0.63
PLX,2024,17400000000000.00,81300000000000.00,52000000000000.00,51200000000000.00,787000000000.00,284000000000000.00,2370000000000.00,2550000000000.00,-4040000000000.00,0.06,0.01,0.01,0.64
PLX,2025,18100000000000.00,85900000000000.00,56300000000000.00,55400000000000.00,939000000000.00,310000000000000.00,3990000000000.00,-7320000000000.00,-929000000000.00,0.06,0.01,0.01,0.66
PNJ,2021,3600000000000.00,10600000000000.00,4610000000000.00,4560000000000.00,43380157361.00,19500000000000.00,-722000000000.00,-48167290625.00,704000000000.00,0.18,0.05,0.07,0.43
PNJ,2022,5930000000000.00,13300000000000.00,4890000000000.00,4880000000000.00,9965573000.00,33900000000000.00,101000000000.00,-371000000000.00,792000000000.00,0.18,0.05,0.07,0.37
PNJ,2023,6060000000000.00,14400000000000.00,4620000000000.00,4610000000000.00,9420742000.00,33100000000000.00,1510000000000.00,-578000000000.00,-914000000000.00,0.18,0.06,0.08,0.32
PNJ,2024,6670000000000.00,17200000000000.00,5950000000000.00,5940000000000.00,10542413750.00,37800000000000.00,83185174755.00,-211000000000.00,353000000000.00,0.18,0.06,0.07,0.35
PNJ,2025,7680000000000.00,20200000000000.00,6890000000000.00,6870000000000.00,14398014000.00,35000000000000.00,18890403841.00,-894000000000.00,273000000000.00,0.22,0.08,0.10,0.34
PTC,2021,-599893492.00,558000000000.00,211000000000.00,211000000000.00,0.00,-599893492.00,47189552281.00,824967079.00,26234661996.00,1.00,-95.10,-118.16,0.38
PTC,2022,23165834526.00,1210000000000.00,704000000000.00,120000000000.00,583000000000.00,69249089173.00,-103000000000.00,-26962569840.00,56989535702.00,0.33,-0.87,-0.88,0.58
PTC,2023,56678342280.00,1160000000000.00,634000000000.00,192000000000.00,442000000000.00,108000000000.00,90381281187.00,-21114215617.00,-37551642884.00,0.53,0.13,0.14,0.55
PTC,2024,38982537.00,405000000000.00,27036959425.00,27036959425.00,0.00,38982537.00,-153000000000.00,138000000000.00,3766938481.00,1.00,496.58,473.09,0.07
PTC,2025,60000000.00,437000000000.00,9652902700.00,9652902700.00,0.00,60000000.00,15177023959.00,-8477288137.00,-3766938481.00,1.00,814.26,581.45,0.02
PVD,2021,371000000000.00,20800000000000.00,6930000000000.00,3030000000000.00,3900000000000.00,4000000000000.00,-376000000000.00,457000000000.00,151000000000.00,0.09,0.01,0.02,0.33
PVD,2022,577000000000.00,20700000000000.00,6630000000000.00,2870000000000.00,3760000000000.00,5430000000000.00,-83499393907.00,1210000000000.00,-238000000000.00,0.11,-0.03,-0.02,0.32
PVD,2023,1310000000000.00,21600000000000.00,6730000000000.00,3150000000000.00,3590000000000.00,5800000000000.00,1620000000000.00,-894000000000.00,-590000000000.00,0.22,0.09,0.10,0.31
PVD,2024,1750000000000.00,23600000000000.00,7560000000000.00,4120000000000.00,3440000000000.00,9290000000000.00,1040000000000.00,-758000000000.00,-439000000000.00,0.19,0.08,0.10,0.32
PVD,2025,2080000000000.00,28300000000000.00,11200000000000.00,6620000000000.00,4590000000000.00,10900000000000.00,1430000000000.00,-2870000000000.00,980000000000.00,0.19,0.10,0.11,0.40
PVP,2021,259000000000.00,2300000000000.00,762000000000.00,372000000000.00,390000000000.00,1240000000000.00,183000000000.00,97231340330.00,-216000000000.00,0.21,0.16,0.19,0.33
PVP,2022,102000000000.00,2560000000000.00,914000000000.00,578000000000.00,336000000000.00,1490000000000.00,517000000000.00,101000000000.00,-251000000000.00,0.07,0.15,0.05,0.36
PVP,2023,245000000000.00,2710000000000.00,982000000000.00,453000000000.00,529000000000.00,1660000000000.00,435000000000.00,-1210000000000.00,129000000000.00,0.15,0.11,0.14,0.36
PVP,2024,338000000000.00,3190000000000.00,1330000000000.00,583000000000.00,751000000000.00,1790000000000.00,418000000000.00,-477000000000.00,230000000000.00,0.19,0.12,0.15,0.42
PVP,2025,291000000000.00,3150000000000.00,1210000000000.00,479000000000.00,736000000000.00,2400000000000.00,563000000000.00,-47268302615.00,-296000000000.00,0.12,0.08,0.10,0.39
PVT,2021,1240000000000.00,12500000000000.00,5530000000000.00,2450000000000.00,3080000000000.00,7460000000000.00,829000000000.00,-1600000000000.00,583000000000.00,0.17,0.11,0.13,0.44
PVT,2022,1660000000000.00,14300000000000.00,6240000000000.00,3060000000000.00,3180000000000.00,9050000000000.00,2170000000000.00,-2020000000000.00,359000000000.00,0.18,0.13,0.13,0.44
PVT,2023,1840000000000.00,17500000000000.00,8460000000000.00,3390000000000.00,5070000000000.00,9560000000000.00,1700000000000.00,-4600000000000.00,2080000000000.00,0.19,0.13,0.14,0.48
PVT,2024,2440000000000.00,19900000000000.00,9470000000000.00,3710000000000.00,5750000000000.00,11700000000000.00,2570000000000.00,-3320000000000.00,916000000000.00,0.21,0.13,0.14,0.48
PVT,2025,2350000000000.00,22300000000000.00,10800000000000.00,4070000000000.00,6750000000000.00,16000000000000.00,3160000000000.00,-3120000000000.00,701000000000.00,0.15,0.08,0.10,0.48
QNP,2021,492000000000.00,1060000000000.00,211000000000.00,211000000000.00,0.00,1310000000000.00,275000000000.00,-157000000000.00,-69235690600.00,0.38,0.26,0.33,0.20
QNP,2022,177000000000.00,1080000000000.00,308000000000.00,308000000000.00,0.00,1070000000000.00,151000000000.00,-94793579095.00,-80787184500.00,0.17,0.04,0.06,0.28
QNP,2023,214000000000.00,1270000000000.00,437000000000.00,222000000000.00,215000000000.00,938000000000.00,32719135892.00,-41767574688.00,167000000000.00,0.23,0.12,0.15,0.35
QNP,2024,272000000000.00,1320000000000.00,444000000000.00,209000000000.00,235000000000.00,1160000000000.00,142000000000.00,-287000000000.00,912205459.00,0.24,0.11,0.14,0.34
QNP,2025,275000000000.00,1400000000000.00,465000000000.00,242000000000.00,224000000000.00,1140000000000.00,183000000000.00,-143000000000.00,-69284685278.00,0.24,0.13,0.16,0.33
RAL,2021,1680000000000.00,5390000000000.00,4020000000000.00,4020000000000.00,837486394.00,5710000000000.00,-238000000000.00,-214000000000.00,423000000000.00,0.29,0.07,0.09,0.75
RAL,2022,1830000000000.00,6720000000000.00,4090000000000.00,4090000000000.00,837486394.00,6910000000000.00,-931000000000.00,-101000000000.00,877000000000.00,0.27,0.07,0.09,0.61
RAL,2023,2010000000000.00,7750000000000.00,4780000000000.00,4780000000000.00,837486394.00,8320000000000.00,-589000000000.00,-98930957612.00,695000000000.00,0.24,0.07,0.07,0.62
RAL,2024,1910000000000.00,8310000000000.00,5010000000000.00,5000000000000.00,837486394.00,8360000000000.00,546000000000.00,-140000000000.00,364000000000.00,0.23,0.07,0.08,0.60
RAL,2025,1450000000000.00,8140000000000.00,4740000000000.00,4740000000000.00,837486394.00,6360000000000.00,1470000000000.00,-463000000000.00,-722000000000.00,0.23,0.06,0.06,0.58
SAB,2021,7610000000000.00,30500000000000.00,7890000000000.00,7260000000000.00,634000000000.00,26400000000000.00,3520000000000.00,-1220000000000.00,-1410000000000.00,0.29,0.15,0.18,0.26
SAB,2022,10800000000000.00,34500000000000.00,9870000000000.00,9210000000000.00,660000000000.00,35000000000000.00,4380000000000.00,-1870000000000.00,-2050000000000.00,0.31,0.16,0.20,0.29
SAB,2023,9090000000000.00,34100000000000.00,8570000000000.00,8220000000000.00,347000000000.00,30500000000000.00,2100000000000.00,2550000000000.00,-3690000000000.00,0.30,0.14,0.18,0.25
SAB,2024,9320000000000.00,33400000000000.00,9000000000000.00,8660000000000.00,345000000000.00,31900000000000.00,4360000000000.00,18884385322.00,-4940000000000.00,0.29,0.14,0.18,0.27
SAB,2025,9300000000000.00,32600000000000.00,9600000000000.00,8880000000000.00,717000000000.00,25900000000000.00,3900000000000.00,2430000000000.00,-6790000000000.00,0.36,0.18,0.21,0.29
SBG,2021,31173582493.00,1610000000000.00,1410000000000.00,1330000000000.00,85045294896.00,5870000000000.00,27792039863.00,-167000000000.00,165000000000.00,0.01,0.00,0.00,0.88
SBG,2022,81597166153.00,2110000000000.00,1710000000000.00,1620000000000.00,83431340136.00,4010000000000.00,-106000000000.00,-80517944492.00,198000000000.00,0.02,0.01,0.01,0.81
SBG,2023,92799416632.00,1200000000000.00,766000000000.00,704000000000.00,62115796532.00,3660000000000.00,20545716026.00,-37836445615.00,-20610013222.00,0.03,0.01,0.01,0.64
SBG,2024,92345623416.00,1020000000000.00,446000000000.00,396000000000.00,49488392674.00,3150000000000.00,-78593919159.00,-21216529202.00,94851059398.00,0.03,0.01,0.01,0.44
SBG,2025,119000000000.00,1550000000000.00,934000000000.00,674000000000.00,259000000000.00,1620000000000.00,-11242341251.00,-236000000000.00,245000000000.00,0.07,0.02,0.03,0.60
SBT,2021,2380000000000.00,23500000000000.00,14100000000000.00,10600000000000.00,3480000000000.00,16700000000000.00,900000000000.00,-1800000000000.00,2090000000000.00,0.14,0.05,0.07,0.60
SBT,2022,2340000000000.00,29000000000000.00,18900000000000.00,16200000000000.00,2640000000000.00,21300000000000.00,70981175026.00,-1140000000000.00,1410000000000.00,0.11,0.04,0.04,0.65
SBT,2023,2950000000000.00,34100000000000.00,23000000000000.00,20000000000000.00,2970000000000.00,25900000000000.00,580000000000.00,-1170000000000.00,2680000000000.00,0.11,0.02,0.03,0.67
SBT,2024,3410000000000.00,34000000000000.00,23400000000000.00,18300000000000.00,5130000000000.00,30000000000000.00,511000000000.00,-2990000000000.00,3070000000000.00,0.11,0.03,0.03,0.69
SBT,2025,2330000000000.00,35900000000000.00,23700000000000.00,18200000000000.00,5490000000000.00,26200000000000.00,-2380000000000.00,-2210000000000.00,2530000000000.00,0.09,0.03,0.03,0.66
SC5,2021,83734862462.00,2390000000000.00,2050000000000.00,2010000000000.00,34384168163.00,1730000000000.00,133000000000.00,6699310907.00,-60008389142.00,0.05,0.02,0.03,0.85
SC5,2022,69067501845.00,2410000000000.00,2080000000000.00,2040000000000.00,34293365244.00,2610000000000.00,4836683750.00,-5173696344.00,88130015381.00,0.03,0.01,0.01,0.86
SC5,2023,103000000000.00,2540000000000.00,2180000000000.00,2150000000000.00,32845704057.00,2610000000000.00,-66468827039.00,35082800003.00,124000000000.00,0.04,0.01,0.02,0.86
SC5,2024,125000000000.00,2140000000000.00,1760000000000.00,1730000000000.00,28317088803.00,2760000000000.00,-660000000000.00,35122127665.00,222000000000.00,0.05,0.01,0.02,0.82
SC5,2025,144000000000.00,2750000000000.00,2330000000000.00,2300000000000.00,25034863333.00,2500000000000.00,299000000000.00,11408360453.00,-90510603634.00,0.06,0.02,0.02,0.85
SFI,2021,234000000000.00,934000000000.00,314000000000.00,314000000000.00,0.00,1850000000000.00,1609005031.00,128000000000.00,-34711299675.00,0.13,0.09,0.12,0.34
SFI,2022,241000000000.00,996000000000.00,221000000000.00,221000000000.00,0.00,1720000000000.00,25729048021.00,-53588769300.00,-52579325000.00,0.14,0.12,0.16,0.22
SFI,2023,176000000000.00,891000000000.00,156000000000.00,156000000000.00,91160000.00,1020000000000.00,159000000000.00,70773144115.00,-138000000000.00,0.17,0.10,0.12,0.18
SFI,2024,155000000000.00,921000000000.00,157000000000.00,157000000000.00,91160000.00,1090000000000.00,35723568656.00,6643615954.00,-35604068000.00,0.14,0.07,0.09,0.17
SFI,2025,181000000000.00,904000000000.00,134000000000.00,133000000000.00,1354895000.00,1110000000000.00,-31465066979.00,9492703017.00,-64086492562.00,0.16,0.08,0.10,0.15
SGN,2021,107000000000.00,939000000000.00,118000000000.00,106000000000.00,12741781186.00,488000000000.00,188000000000.00,8134800374.00,-83833977500.00,0.22,0.09,0.12,0.13
SGN,2022,271000000000.00,1080000000000.00,215000000000.00,197000000000.00,17427984598.00,995000000000.00,189000000000.00,-311000000000.00,-83833977500.00,0.27,0.14,0.17,0.20
SGN,2023,455000000000.00,1290000000000.00,277000000000.00,258000000000.00,18895880323.00,1460000000000.00,354000000000.00,-74544934640.00,-83833977500.00,0.31,0.17,0.20,0.21
SGN,2024,496000000000.00,1490000000000.00,293000000000.00,269000000000.00,24187624870.00,1520000000000.00,447000000000.00,-258000000000.00,-83833977500.00,0.33,0.19,0.24,0.20
SGN,2025,426000000000.00,1730000000000.00,360000000000.00,323000000000.00,36797166750.00,1480000000000.00,246000000000.00,-397000000000.00,-12895437500.00,0.29,0.16,0.20,0.21
SMB,2021,315000000000.00,937000000000.00,383000000000.00,357000000000.00,26001790901.00,1190000000000.00,292000000000.00,-220000000000.00,-63320094259.00,0.26,0.13,0.17,0.41
SMB,2022,373000000000.00,978000000000.00,372000000000.00,346000000000.00,25694899833.00,1390000000000.00,128000000000.00,-17445428115.00,-114000000000.00,0.27,0.13,0.17,0.38
SMB,2023,341000000000.00,1020000000000.00,418000000000.00,401000000000.00,17215662672.00,1320000000000.00,162000000000.00,10640526196.00,-75622792890.00,0.26,0.12,0.15,0.41
SMB,2024,404000000000.00,1040000000000.00,440000000000.00,421000000000.00,18905205125.00,1450000000000.00,137000000000.00,93452830517.00,-103000000000.00,0.28,0.12,0.15,0.42
SMB,2025,430000000000.00,1040000000000.00,417000000000.00,400000000000.00,17092478345.00,1370000000000.00,230000000000.00,-14212437158.00,-160000000000.00,0.32,0.13,0.16,0.40
SRC,2021,176000000000.00,1240000000000.00,803000000000.00,515000000000.00,288000000000.00,956000000000.00,163000000000.00,-288000000000.00,100000000000.00,0.18,0.04,0.06,0.65
SRC,2022,162000000000.00,1250000000000.00,806000000000.00,521000000000.00,285000000000.00,915000000000.00,69943789654.00,-3756837698.00,-76576118834.00,0.18,0.03,0.04,0.65
SRC,2023,165000000000.00,1350000000000.00,903000000000.00,621000000000.00,282000000000.00,1200000000000.00,-82313339544.00,-13034754539.00,92025309730.00,0.14,0.02,0.03,0.67
SRC,2024,146000000000.00,1210000000000.00,634000000000.00,482000000000.00,152000000000.00,1030000000000.00,-68759234064.00,299000000000.00,-233000000000.00,0.14,0.15,0.03,0.52
SRC,2025,144000000000.00,1340000000000.00,774000000000.00,621000000000.00,153000000000.00,1460000000000.00,-188000000000.00,-7955968722.00,197000000000.00,0.10,0.02,0.02,0.58
SRF,2021,86549061164.00,1850000000000.00,1280000000000.00,1180000000000.00,96727780752.00,930000000000.00,9333373932.00,71553301368.00,-83505093189.00,0.09,0.04,0.04,0.69
SRF,2022,-18764461661.00,1730000000000.00,1300000000000.00,1220000000000.00,80213272666.00,1190000000000.00,117000000000.00,249000000000.00,-188000000000.00,-0.02,-0.12,-0.11,0.75
SRF,2023,109000000000.00,1750000000000.00,1320000000000.00,1250000000000.00,73579015673.00,1640000000000.00,-39963586374.00,22024573121.00,33076343238.00,0.07,0.00,0.00,0.75
SRF,2024,70444270319.00,1600000000000.00,1160000000000.00,1080000000000.00,77296987060.00,1080000000000.00,-120000000000.00,12184002541.00,-62542342934.00,0.07,0.00,-0.01,0.73
SRF,2025,32123107569.00,1780000000000.00,1340000000000.00,1270000000000.00,69594820671.00,1210000000000.00,-174000000000.00,19242349217.00,160000000000.00,0.03,0.02,0.04,0.75
SSC,2021,109000000000.00,514000000000.00,141000000000.00,141000000000.00,0.00,310000000000.00,68286069694.00,-36184158388.00,-19861488450.00,0.35,0.18,0.20,0.27
SSC,2022,116000000000.00,527000000000.00,148000000000.00,148000000000.00,0.00,300000000000.00,33755707579.00,-19002566656.00,-39788883000.00,0.39,0.17,0.19,0.28
SSC,2023,98806525701.00,546000000000.00,157000000000.00,157000000000.00,0.00,302000000000.00,71961297186.00,-63742009071.00,-39821139000.00,0.33,0.18,0.18,0.29
SSC,2024,111000000000.00,527000000000.00,144000000000.00,144000000000.00,0.00,388000000000.00,-53698678885.00,36430651970.00,-16618274990.00,0.29,0.11,0.14,0.27
SSC,2025,87429859239.00,510000000000.00,144000000000.00,144000000000.00,0.00,303000000000.00,32036655852.00,34986847133.00,-49696530010.00,0.29,0.09,0.10,0.27
STG,2021,488000000000.00,2680000000000.00,799000000000.00,571000000000.00,229000000000.00,2890000000000.00,260000000000.00,-195000000000.00,-39348739328.00,0.17,0.09,0.10,0.30
STG,2022,452000000000.00,2780000000000.00,660000000000.00,485000000000.00,176000000000.00,2640000000000.00,271000000000.00,-151000000000.00,-49807673815.00,0.17,0.10,0.11,0.24
STG,2023,288000000000.00,2870000000000.00,614000000000.00,481000000000.00,133000000000.00,1800000000000.00,224000000000.00,103000000000.00,-67262170393.00,0.16,0.08,0.09,0.21
STG,2024,394000000000.00,3050000000000.00,652000000000.00,527000000000.00,126000000000.00,2450000000000.00,74203136423.00,-220000000000.00,46787802227.00,0.16,0.08,0.10,0.21
STG,2025,521000000000.00,3620000000000.00,930000000000.00,538000000000.00,392000000000.00,2590000000000.00,189000000000.00,-441000000000.00,206000000000.00,0.20,0.12,0.15,0.26
STK,2021,374000000000.00,1970000000000.00,712000000000.00,712000000000.00,280104373.00,2040000000000.00,290000000000.00,30445502413.00,-50044049394.00,0.18,0.14,0.14,0.36
STK,2022,373000000000.00,2130000000000.00,584000000000.00,584000000000.00,270998167.00,2110000000000.00,212000000000.00,-352000000000.00,9543245068.00,0.18,0.11,0.13,0.27
STK,2023,192000000000.00,2970000000000.00,1340000000000.00,936000000000.00,409000000000.00,1430000000000.00,-13687340730.00,-813000000000.00,701000000000.00,0.13,0.06,0.06,0.45
STK,2024,163000000000.00,3810000000000.00,2100000000000.00,1310000000000.00,793000000000.00,1210000000000.00,287000000000.00,-881000000000.00,591000000000.00,0.13,0.01,0.02,0.55
STK,2025,273000000000.00,4160000000000.00,2400000000000.00,1370000000000.00,1020000000000.00,1350000000000.00,-292000000000.00,-83694971183.00,328000000000.00,0.20,0.04,0.07,0.58
SVC,2021,910000000000.00,4430000000000.00,2560000000000.00,2150000000000.00,410000000000.00,14200000000000.00,-136000000000.00,-27820579533.00,-92279333182.00,0.06,0.01,0.01,0.58
SVC,2022,1700000000000.00,6150000000000.00,3690000000000.00,3230000000000.00,459000000000.00,21300000000000.00,-30107461364.00,-215000000000.00,487000000000.00,0.08,0.03,0.03,0.60
SVC,2023,1430000000000.00,7170000000000.00,4730000000000.00,2880000000000.00,1860000000000.00,20800000000000.00,248000000000.00,-706000000000.00,377000000000.00,0.07,0.00,0.00,0.66
SVC,2024,1730000000000.00,8960000000000.00,6590000000000.00,4030000000000.00,2560000000000.00,24800000000000.00,9402391604.00,-362000000000.00,787000000000.00,0.07,0.01,0.01,0.74
SVC,2025,1850000000000.00,10300000000000.00,7500000000000.00,4620000000000.00,2870000000000.00,27800000000000.00,-232000000000.00,-538000000000.00,729000000000.00,0.07,0.02,0.02,0.72
SVD,2021,41719953127.00,371000000000.00,214000000000.00,112000000000.00,102000000000.00,436000000000.00,41223943880.00,-37255743.00,-34260860194.00,0.10,0.03,0.03,0.58
SVD,2022,27720668656.00,441000000000.00,159000000000.00,79118160464.00,79606781314.00,340000000000.00,-11615545147.00,-20193306135.00,81471636594.00,0.08,-0.01,0.01,0.36
SVD,2023,-17935699814.00,399000000000.00,152000000000.00,107000000000.00,45262781319.00,259000000000.00,40938176026.00,50153260.00,-30738250595.00,-0.07,-0.14,-0.14,0.38
SVD,2024,27758580071.00,354000000000.00,94219605139.00,85982404288.00,8237200851.00,342000000000.00,20961159809.00,-37246337800.00,-44546621538.00,0.08,0.04,0.04,0.27
SVD,2025,11946235938.00,332000000000.00,70733640523.00,70733640523.00,0.00,317000000000.00,19628370260.00,0.00,-15463869723.00,0.04,0.00,0.00,0.21
TCD,2021,380000000000.00,5770000000000.00,4500000000000.00,3380000000000.00,1120000000000.00,3110000000000.00,124000000000.00,-108000000000.00,108000000000.00,0.12,0.11,0.12,0.78
TCD,2022,384000000000.00,9840000000000.00,6220000000000.00,4380000000000.00,1850000000000.00,2940000000000.00,-3320000000000.00,-664000000000.00,3900000000000.00,0.13,0.11,0.14,0.63
TCD,2023,326000000000.00,9180000000000.00,5390000000000.00,4360000000000.00,1030000000000.00,1780000000000.00,413000000000.00,302000000000.00,-622000000000.00,0.18,0.10,0.12,0.59
TCD,2024,237000000000.00,9270000000000.00,5400000000000.00,4260000000000.00,1140000000000.00,1160000000000.00,-247000000000.00,119000000000.00,-92762999001.00,0.20,0.10,0.09,0.58
TCD,2025,0.00,0.00,0.00,0.00,0.00,0.00,0.00,0.00,0.00,0.00,0.00,0.00,0.00
TCL,2021,204000000000.00,887000000000.00,308000000000.00,247000000000.00,61328926756.00,1190000000000.00,-19307465800.00,74739689167.00,-81837387000.00,0.17,0.10,0.12,0.35
TCL,2022,231000000000.00,817000000000.00,261000000000.00,201000000000.00,60539750756.00,1360000000000.00,153000000000.00,38986871246.00,-132000000000.00,0.17,0.09,0.11,0.32
TCL,2023,239000000000.00,940000000000.00,342000000000.00,289000000000.00,53009232656.00,1530000000000.00,98609187670.00,-45355083888.00,-73326428821.00,0.16,0.09,0.11,0.36
TCL,2024,248000000000.00,1110000000000.00,460000000000.00,422000000000.00,37943326756.00,1630000000000.00,39210935934.00,-2067795965.00,-52695276305.00,0.15,0.09,0.11,0.41
TCL,2025,258000000000.00,1190000000000.00,478000000000.00,400000000000.00,77994860104.00,1850000000000.00,320000000000.00,-124000000000.00,-104000000000.00,0.14,0.09,0.11,0.40
TCM,2021,514000000000.00,3610000000000.00,1900000000000.00,1760000000000.00,140000000000.00,3540000000000.00,-89271641618.00,-117000000000.00,189000000000.00,0.15,0.04,0.05,0.53
TCM,2022,710000000000.00,3480000000000.00,1500000000000.00,1310000000000.00,186000000000.00,4340000000000.00,252000000000.00,-8610541407.00,-90767052849.00,0.16,0.06,0.08,0.43
TCM,2023,499000000000.00,3280000000000.00,1270000000000.00,1170000000000.00,95812892584.00,3320000000000.00,414000000000.00,-62405614698.00,-339000000000.00,0.15,0.04,0.06,0.39
TCM,2024,617000000000.00,3900000000000.00,1620000000000.00,1520000000000.00,106000000000.00,3810000000000.00,392000000000.00,-352000000000.00,88167697710.00,0.16,0.07,0.09,0.42
TCM,2025,593000000000.00,4170000000000.00,1720000000000.00,1510000000000.00,211000000000.00,3640000000000.00,235000000000.00,-25438552572.00,42098025874.00,0.16,0.07,0.09,0.41
TCO,2021,29038874760.00,378000000000.00,67751542675.00,64220247097.00,3531295578.00,243000000000.00,-95158175443.00,-4972151231.00,44859357701.00,0.12,0.19,0.22,0.18
TCO,2022,19528307558.00,324000000000.00,14782386520.00,14767386520.00,15000000.00,1390000000000.00,-80848367894.00,-28523075886.00,102000000000.00,0.01,0.03,0.03,0.05
TCO,2023,6126109839.00,1180000000000.00,865000000000.00,825000000000.00,39985429332.00,29483885048.00,-46933525639.00,55991780875.00,-7308420400.00,0.21,0.31,0.29,0.73
TCO,2024,98646346749.00,1950000000000.00,1620000000000.00,1030000000000.00,589000000000.00,3540000000000.00,160000000000.00,-581000000000.00,446000000000.00,0.03,0.01,0.01,0.83
TCO,2025,74467712529.00,1300000000000.00,929000000000.00,381000000000.00,548000000000.00,876000000000.00,-313000000000.00,17585899436.00,275000000000.00,0.09,0.04,0.06,0.71
TLG,2021,1130000000000.00,2450000000000.00,621000000000.00,578000000000.00,42264464254.00,2670000000000.00,221000000000.00,99339149667.00,-189000000000.00,0.42,0.10,0.13,0.25
TLG,2022,1520000000000.00,2870000000000.00,911000000000.00,831000000000.00,79908585906.00,3520000000000.00,289000000000.00,-291000000000.00,-92426039219.00,0.43,0.11,0.14,0.32
TLG,2023,1510000000000.00,2810000000000.00,714000000000.00,660000000000.00,54930819159.00,3460000000000.00,249000000000.00,-191000000000.00,-225000000000.00,0.44,0.10,0.13,0.25
TLG,2024,1680000000000.00,3360000000000.00,1010000000000.00,986000000000.00,26666450000.00,3760000000000.00,359000000000.00,36060420024.00,51957644310.00,0.45,0.12,0.15,0.30
TLG,2025,2070000000000.00,3570000000000.00,1050000000000.00,1010000000000.00,34174781800.00,4170000000000.00,220000000000.00,-192000000000.00,-252000000000.00,0.50,0.11,0.13,0.29
TMS,2021,546000000000.00,5730000000000.00,2240000000000.00,1640000000000.00,601000000000.00,6380000000000.00,14448950211.00,-396000000000.00,995000000000.00,0.09,0.10,0.11,0.39
TMS,2022,550000000000.00,5570000000000.00,1420000000000.00,859000000000.00,564000000000.00,3650000000000.00,291000000000.00,-347000000000.00,-460000000000.00,0.15,0.19,0.21,0.26
TMS,2023,411000000000.00,8000000000000.00,2890000000000.00,949000000000.00,1940000000000.00,2390000000000.00,-234000000000.00,-418000000000.00,543000000000.00,0.17,0.08,0.09,0.36
TMS,2024,521000000000.00,8400000000000.00,3240000000000.00,1380000000000.00,1850000000000.00,3330000000000.00,313000000000.00,-421000000000.00,147000000000.00,0.16,0.05,0.08,0.39
TMS,2025,600000000000.00,8580000000000.00,3280000000000.00,1890000000000.00,1390000000000.00,3480000000000.00,388000000000.00,-175000000000.00,-209000000000.00,0.17,0.11,0.13,0.38
TMT,2021,240000000000.00,3120000000000.00,2660000000000.00,2600000000000.00,64849019827.00,2520000000000.00,-128000000000.00,-249000000000.00,342000000000.00,0.10,0.02,0.02,0.85
TMT,2022,268000000000.00,3510000000000.00,3070000000000.00,2950000000000.00,123000000000.00,3030000000000.00,-97873737881.00,878569626.00,98986438705.00,0.09,0.02,0.02,0.88
TMT,2023,170000000000.00,2170000000000.00,1730000000000.00,1550000000000.00,187000000000.00,2630000000000.00,-362000000000.00,90363974384.00,271000000000.00,0.06,0.00,-0.01,0.80
TMT,2024,-74547463075.00,1470000000000.00,1350000000000.00,1080000000000.00,275000000000.00,2330000000000.00,851000000000.00,45724850578.00,-642000000000.00,-0.03,-0.14,-0.14,0.92
TMT,2025,216000000000.00,1480000000000.00,1310000000000.00,1080000000000.00,225000000000.00,2100000000000.00,60465072104.00,13080226808.00,7289925005.00,0.10,0.03,0.02,0.88
TSA,2021,0.00,0.00,0.00,0.00,0.00,0.00,0.00,0.00,0.00,0.00,0.00,0.00,0.00
TSA,2022,44170981076.00,561000000000.00,198000000000.00,183000000000.00,15011087887.00,470000000000.00,40170616905.00,-4476758515.00,-26947002749.00,0.09,0.01,0.01,0.35
TSA,2023,43268448905.00,585000000000.00,212000000000.00,203000000000.00,8998460315.00,369000000000.00,45386340921.00,-17033584757.00,2907034351.00,0.12,0.03,0.04,0.36
TSA,2024,59414492540.00,643000000000.00,247000000000.00,241000000000.00,6117548223.00,653000000000.00,91480098744.00,-9001855780.00,-25132554032.00,0.09,0.04,0.04,0.38
TSA,2025,67880102706.00,682000000000.00,242000000000.00,242000000000.00,0.00,713000000000.00,58963223557.00,-27227432265.00,1076228724.00,0.10,0.04,0.05,0.36
TV2,2021,331000000000.00,4470000000000.00,3090000000000.00,3040000000000.00,50189993765.00,3630000000000.00,-273000000000.00,245000000000.00,45801093893.00,0.09,0.07,0.09,0.69
TV2,2022,186000000000.00,2990000000000.00,1630000000000.00,1600000000000.00,36545936231.00,1320000000000.00,8117331859.00,-57055984352.00,-74476396786.00,0.14,0.04,0.04,0.55
TV2,2023,209000000000.00,2460000000000.00,1130000000000.00,1090000000000.00,40597339843.00,1060000000000.00,-150000000000.00,-9520110512.00,86716907791.00,0.20,0.05,0.06,0.46
TV2,2024,192000000000.00,2170000000000.00,863000000000.00,836000000000.00,27304490507.00,1340000000000.00,193000000000.00,11041464847.00,-133000000000.00,0.14,0.05,0.06,0.40
TV2,2025,199000000000.00,2980000000000.00,1700000000000.00,1620000000000.00,85910304483.00,1330000000000.00,933000000000.00,-80883583502.00,-125000000000.00,0.15,0.07,0.07,0.57
TVT,2021,228000000000.00,1390000000000.00,761000000000.00,694000000000.00,67122999527.00,1480000000000.00,116000000000.00,53585453965.00,-285000000000.00,0.15,0.06,0.07,0.55
TVT,2022,206000000000.00,1810000000000.00,1190000000000.00,1140000000000.00,56240629540.00,1960000000000.00,143000000000.00,-165000000000.00,191000000000.00,0.11,0.03,0.04,0.66
TVT,2023,144000000000.00,1460000000000.00,880000000000.00,776000000000.00,104000000000.00,1680000000000.00,56107516505.00,147000000000.00,-317000000000.00,0.09,0.01,0.01,0.60
TVT,2024,208000000000.00,1340000000000.00,770000000000.00,711000000000.00,59011313090.00,1710000000000.00,-29252652471.00,92703565015.00,-23360357216.00,0.12,0.01,0.02,0.58
TVT,2025,224000000000.00,1310000000000.00,729000000000.00,695000000000.00,33891406747.00,1600000000000.00,205000000000.00,-15868360277.00,-54385682575.00,0.14,0.02,0.03,0.56
TYA,2021,163000000000.00,1220000000000.00,727000000000.00,727000000000.00,0.00,2130000000000.00,-195000000000.00,-28545542375.00,189000000000.00,0.08,0.03,0.04,0.60
TYA,2022,123000000000.00,1050000000000.00,556000000000.00,556000000000.00,0.00,2090000000000.00,113000000000.00,2787855951.00,-125000000000.00,0.06,0.02,0.02,0.53
TYA,2023,101000000000.00,955000000000.00,476000000000.00,476000000000.00,0.00,1470000000000.00,174000000000.00,-119000000000.00,-96275494911.00,0.07,0.00,0.02,0.50
TYA,2024,179000000000.00,1230000000000.00,676000000000.00,676000000000.00,0.00,1860000000000.00,43167207256.00,-143000000000.00,175000000000.00,0.10,0.04,0.05,0.55
TYA,2025,254000000000.00,1600000000000.00,956000000000.00,956000000000.00,0.00,2350000000000.00,-193000000000.00,-58271009747.00,244000000000.00,0.11,0.05,0.06,0.60
VCF,2021,555000000000.00,1950000000000.00,683000000000.00,676000000000.00,7005417738.00,2220000000000.00,592000000000.00,989000000000.00,-659000000000.00,0.25,0.19,0.25,0.35
VCF,2022,494000000000.00,2110000000000.00,443000000000.00,439000000000.00,4917051250.00,2210000000000.00,-203000000000.00,-617000000000.00,-71864719967.00,0.22,0.14,0.18,0.21
VCF,2023,515000000000.00,2660000000000.00,546000000000.00,541000000000.00,4689694250.00,2350000000000.00,656000000000.00,-514000000000.00,-85732434426.00,0.22,0.19,0.24,0.21
VCF,2024,502000000000.00,2490000000000.00,594000000000.00,589000000000.00,4331344300.00,2560000000000.00,435000000000.00,17289653075.00,-624000000000.00,0.20,0.17,0.22,0.24
VCF,2025,591000000000.00,1620000000000.00,485000000000.00,481000000000.00,4112048275.00,2760000000000.00,450000000000.00,953000000000.00,-1430000000000.00,0.21,0.19,0.23,0.30
VCG,2021,829000000000.00,31000000000000.00,23300000000000.00,15500000000000.00,7870000000000.00,5750000000000.00,394000000000.00,-6070000000000.00,6490000000000.00,0.14,0.09,0.12,0.75
VCG,2022,917000000000.00,32000000000000.00,22100000000000.00,12800000000000.00,9310000000000.00,8450000000000.00,-1770000000000.00,1890000000000.00,-1220000000000.00,0.11,0.11,0.11,0.69
VCG,2023,1180000000000.00,30700000000000.00,20500000000000.00,14400000000000.00,6030000000000.00,12700000000000.00,3650000000000.00,-168000000000.00,-2520000000000.00,0.09,0.03,0.04,0.67
VCG,2024,1980000000000.00,29400000000000.00,18300000000000.00,12900000000000.00,5410000000000.00,12900000000000.00,1650000000000.00,1961960352.00,-1850000000000.00,0.15,0.09,0.11,0.62
VCG,2025,2270000000000.00,31300000000000.00,18800000000000.00,16100000000000.00,2650000000000.00,16100000000000.00,2840000000000.00,-2710000000000.00,-269000000000.00,0.14,0.24,0.31,0.60
VGC,2021,2870000000000.00,22000000000000.00,13600000000000.00,8550000000000.00,5090000000000.00,11200000000000.00,4790000000000.00,-3520000000000.00,-509000000000.00,0.26,0.11,0.14,0.62
VGC,2022,4240000000000.00,23000000000000.00,13900000000000.00,8390000000000.00,5480000000000.00,14600000000000.00,2470000000000.00,-2520000000000.00,-643000000000.00,0.29,0.13,0.16,0.60
VGC,2023,3520000000000.00,24100000000000.00,14600000000000.00,8340000000000.00,6240000000000.00,13200000000000.00,2700000000000.00,-3770000000000.00,882000000000.00,0.27,0.09,0.12,0.60
VGC,2024,3520000000000.00,24800000000000.00,14900000000000.00,8750000000000.00,6130000000000.00,11900000000000.00,4300000000000.00,-2290000000000.00,-992000000000.00,0.30,0.10,0.13,0.60
VGC,2025,4000000000000.00,26400000000000.00,14900000000000.00,8360000000000.00,6510000000000.00,13300000000000.00,3340000000000.00,-4590000000000.00,817000000000.00,0.30,0.12,0.16,0.56
VHC,2021,1760000000000.00,8740000000000.00,2850000000000.00,2680000000000.00,174000000000.00,9050000000000.00,332000000000.00,-843000000000.00,665000000000.00,0.19,0.12,0.14,0.33
VHC,2022,2980000000000.00,11600000000000.00,3890000000000.00,3700000000000.00,191000000000.00,13200000000000.00,1600000000000.00,-1530000000000.00,284000000000.00,0.22,0.15,0.18,0.34
VHC,2023,1490000000000.00,11900000000000.00,3350000000000.00,3230000000000.00,119000000000.00,10000000000000.00,547000000000.00,-793000000000.00,-72531067226.00,0.15,0.10,0.11,0.28
VHC,2024,1900000000000.00,12200000000000.00,3240000000000.00,3180000000000.00,56851869539.00,12500000000000.00,2070000000000.00,-855000000000.00,-880000000000.00,0.15,0.10,0.12,0.26
VHC,2025,2040000000000.00,13400000000000.00,3360000000000.00,3310000000000.00,52163832105.00,12000000000000.00,2410000000000.00,-287000000000.00,-680000000000.00,0.17,0.13,0.14,0.25
VIP,2021,46719407634.00,1470000000000.00,389000000000.00,183000000000.00,206000000000.00,681000000000.00,160000000000.00,-73056238186.00,-116000000000.00,0.07,0.02,-0.03,0.26
VIP,2022,154000000000.00,1460000000000.00,163000000000.00,127000000000.00,35822931703.00,876000000000.00,163000000000.00,139000000000.00,-271000000000.00,0.18,0.28,0.10,0.11
VIP,2023,117000000000.00,1430000000000.00,153000000000.00,137000000000.00,15567368385.00,550000000000.00,173000000000.00,-121000000000.00,-82146840435.00,0.21,0.16,0.20,0.11
VIP,2024,148000000000.00,1390000000000.00,109000000000.00,65099003070.00,44125865843.00,570000000000.00,92968249894.00,-61756205012.00,-68483391035.00,0.26,0.16,0.19,0.08
VIP,2025,155000000000.00,1410000000000.00,132000000000.00,104000000000.00,27350185497.00,607000000000.00,135000000000.00,-63498173609.00,-68454241140.00,0.26,0.14,0.18,0.09
VNE,2021,94997878109.00,3480000000000.00,2460000000000.00,2190000000000.00,272000000000.00,2000000000000.00,291000000000.00,-689000000000.00,350000000000.00,0.05,0.00,0.01,0.71
VNE,2022,133000000000.00,4010000000000.00,2980000000000.00,2200000000000.00,773000000000.00,2130000000000.00,-851000000000.00,-32166545065.00,968000000000.00,0.06,0.00,0.01,0.74
VNE,2023,159000000000.00,3750000000000.00,2750000000000.00,2000000000000.00,747000000000.00,1060000000000.00,-231000000000.00,2916278334.00,119000000000.00,0.15,-0.03,-0.02,0.73
VNE,2024,-4827707474.00,3180000000000.00,2450000000000.00,1870000000000.00,581000000000.00,701000000000.00,37349751540.00,127000000000.00,-186000000000.00,-0.01,-0.38,-0.37,0.77
VNE,2025,48054188982.00,3150000000000.00,2330000000000.00,1730000000000.00,594000000000.00,516000000000.00,53233802443.00,-72322858697.00,6726958631.00,0.09,0.08,0.10,0.74
VNL,2021,56897834013.00,406000000000.00,187000000000.00,145000000000.00,42362300000.00,1460000000000.00,1159816151.00,5039858501.00,-13500000000.00,0.04,0.03,0.03,0.46
VNL,2022,59509321716.00,361000000000.00,113000000000.00,70605391209.00,42359325000.00,1100000000000.00,43634796271.00,587739203.00,-14242400000.00,0.05,0.04,0.05,0.31
VNL,2023,41781278145.00,391000000000.00,121000000000.00,78445105870.00,42361050000.00,729000000000.00,-3953812689.00,-231790205.00,-14611843500.00,0.06,0.05,0.06,0.31
VNL,2024,80406112525.00,456000000000.00,159000000000.00,118000000000.00,41452398460.00,1150000000000.00,12006509867.00,22850887120.00,-16968584400.00,0.07,0.04,0.05,0.35
VNL,2025,96264115395.00,522000000000.00,195000000000.00,155000000000.00,40365942500.00,1400000000000.00,30684487824.00,-8601925575.00,-24038827900.00,0.07,0.04,0.05,0.37
VNM,2021,26300000000000.00,53300000000000.00,17500000000000.00,17100000000000.00,414000000000.00,60900000000000.00,9430000000000.00,-3930000000000.00,-5260000000000.00,0.43,0.17,0.21,0.33
VNM,2022,23900000000000.00,48500000000000.00,15700000000000.00,15300000000000.00,358000000000.00,60000000000000.00,8830000000000.00,3470000000000.00,-12400000000000.00,0.40,0.14,0.18,0.32
VNM,2023,24500000000000.00,52700000000000.00,17600000000000.00,17100000000000.00,509000000000.00,60400000000000.00,7890000000000.00,-2990000000000.00,-4290000000000.00,0.41,0.15,0.18,0.34
VNM,2024,25600000000000.00,55000000000000.00,18900000000000.00,18500000000000.00,415000000000.00,61800000000000.00,9690000000000.00,-3740000000000.00,-6640000000000.00,0.41,0.15,0.19,0.34
VNM,2025,26200000000000.00,53300000000000.00,18800000000000.00,18500000000000.00,309000000000.00,63600000000000.00,8670000000000.00,1980000000000.00,-11100000000000.00,0.41,0.15,0.18,0.35
VOS,2021,453000000000.00,2750000000000.00,1740000000000.00,727000000000.00,1010000000000.00,1420000000000.00,709000000000.00,27728958680.00,-686000000000.00,0.32,0.34,0.25,0.63
VOS,2022,738000000000.00,2680000000000.00,1150000000000.00,631000000000.00,519000000000.00,2420000000000.00,563000000000.00,7186730574.00,-638000000000.00,0.30,0.20,0.22,0.43
VOS,2023,182000000000.00,2720000000000.00,1040000000000.00,524000000000.00,519000000000.00,3190000000000.00,365000000000.00,-139000000000.00,-24360000.00,0.06,0.05,0.03,0.38
VOS,2024,127000000000.00,2890000000000.00,902000000000.00,410000000000.00,493000000000.00,5580000000000.00,68526350941.00,148000000000.00,0.00,0.02,0.06,0.00,0.31
VOS,2025,191000000000.00,3910000000000.00,1790000000000.00,678000000000.00,1110000000000.00,3100000000000.00,-130000000000.00,-199000000000.00,606000000000.00,0.06,0.10,0.02,0.46
VSC,2021,602000000000.00,3270000000000.00,270000000000.00,269000000000.00,1242458500.00,1890000000000.00,645000000000.00,-562000000000.00,437000000000.00,0.32,0.22,0.26,0.08
VSC,2022,659000000000.00,4370000000000.00,1170000000000.00,434000000000.00,732000000000.00,2010000000000.00,472000000000.00,-1870000000000.00,749000000000.00,0.33,0.20,0.24,0.27
VSC,2023,654000000000.00,5190000000000.00,1900000000000.00,403000000000.00,1490000000000.00,2180000000000.00,642000000000.00,-1070000000000.00,434000000000.00,0.30,0.09,0.12,0.37
VSC,2024,843000000000.00,7800000000000.00,2900000000000.00,715000000000.00,2180000000000.00,2790000000000.00,13773959077.00,-1290000000000.00,1450000000000.00,0.30,0.16,0.20,0.37
VSC,2025,1140000000000.00,13000000000000.00,6580000000000.00,3020000000000.00,3560000000000.00,3210000000000.00,628000000000.00,-3850000000000.00,3590000000000.00,0.36,0.16,0.20,0.51
VSI,2021,57469351046.00,536000000000.00,319000000000.00,96417506069.00,222000000000.00,257000000000.00,17348351650.00,72959189122.00,-56710275990.00,0.22,0.19,0.22,0.59
VSI,2022,70070415369.00,535000000000.00,337000000000.00,144000000000.00,192000000000.00,337000000000.00,61652913645.00,-21240401217.00,-65162362686.00,0.21,0.07,0.09,0.63
VSI,2023,71736469404.00,516000000000.00,322000000000.00,163000000000.00,159000000000.00,465000000000.00,61919603428.00,14016700651.00,-57261447031.00,0.15,0.06,0.07,0.62
VSI,2024,72776075808.00,529000000000.00,335000000000.00,204000000000.00,131000000000.00,252000000000.00,67388918024.00,10831669152.00,-54721622255.00,0.29,0.11,0.13,0.63
VSI,2025,82988643619.00,547000000000.00,341000000000.00,228000000000.00,113000000000.00,573000000000.00,69540767134.00,-2567664075.00,-38773998487.00,0.14,0.06,0.08,0.62
VTB,2021,80586771477.00,269000000000.00,71289745909.00,57724923014.00,13564822895.00,327000000000.00,78122890481.00,-42867305622.00,-24412574400.00,0.25,0.02,0.03,0.27
VTB,2022,74268750950.00,234000000000.00,47037284376.00,28261184439.00,18776099937.00,248000000000.00,-2016802736.00,-1441820631.00,-10282812450.00,0.30,0.09,0.11,0.20
VTB,2023,71316822539.00,231000000000.00,44231935622.00,21106930232.00,23125005390.00,113000000000.00,26159670270.00,-23520037402.00,-12398532877.00,0.63,0.09,0.13,0.19
VTB,2024,62956571330.00,237000000000.00,50919392331.00,27196909357.00,23722482974.00,115000000000.00,17322606526.00,-6126444483.00,-2232701000.00,0.55,0.10,0.13,0.21
VTB,2025,68447215399.00,233000000000.00,42499161931.00,16064047244.00,26435114687.00,135000000000.00,17671598005.00,-7567821321.00,-16838648600.00,0.51,0.11,0.13,0.18
VTO,2021,130000000000.00,1760000000000.00,608000000000.00,362000000000.00,247000000000.00,946000000000.00,236000000000.00,118000000000.00,-136000000000.00,0.14,0.14,0.06,0.35
VTO,2022,196000000000.00,1690000000000.00,541000000000.00,254000000000.00,287000000000.00,1180000000000.00,174000000000.00,-177000000000.00,-31756598228.00,0.17,0.06,0.08,0.32
VTO,2023,198000000000.00,1640000000000.00,500000000000.00,283000000000.00,217000000000.00,1080000000000.00,324000000000.00,26722794789.00,-141000000000.00,0.18,0.07,0.09,0.30
VTO,2024,257000000000.00,1620000000000.00,446000000000.00,300000000000.00,146000000000.00,1120000000000.00,273000000000.00,21399839884.00,-145000000000.00,0.23,0.10,0.12,0.28
VTO,2025,280000000000.00,1560000000000.00,373000000000.00,293000000000.00,79180300419.00,1130000000000.00,218000000000.00,28938799886.00,-151000000000.00,0.25,0.11,0.14,0.24
VTP,2021,601000000000.00,5430000000000.00,4100000000000.00,4100000000000.00,667000000.00,21500000000000.00,431000000000.00,-359000000000.00,-51794940164.00,0.03,0.01,0.02,0.76
VTP,2022,647000000000.00,5730000000000.00,4350000000000.00,4330000000000.00,12437742500.00,21600000000000.00,90597293441.00,55183298786.00,-22698579204.00,0.03,0.01,0.01,0.76
VTP,2023,882000000000.00,6440000000000.00,4860000000000.00,4800000000000.00,53397059216.00,19600000000000.00,178000000000.00,-28459189234.00,285000000000.00,0.05,0.02,0.02,0.75
VTP,2024,1010000000000.00,6360000000000.00,4780000000000.00,4680000000000.00,98955578134.00,20700000000000.00,-131000000000.00,68237373301.00,-443000000000.00,0.05,0.02,0.02,0.75
VTP,2025,1140000000000.00,7520000000000.00,5750000000000.00,5210000000000.00,539000000000.00,20600000000000.00,762000000000.00,-1070000000000.00,271000000000.00,0.06,0.02,0.03,0.76
VVS,2021,128000000000.00,2860000000000.00,2630000000000.00,2550000000000.00,79388914000.00,3200000000000.00,944000000000.00,-1040000000000.00,143000000000.00,0.04,0.01,0.01,0.92
VVS,2022,268000000000.00,3330000000000.00,3080000000000.00,3040000000000.00,36272656325.00,4090000000000.00,171000000000.00,-193000000000.00,66611293048.00,0.07,0.01,0.01,0.92
VVS,2023,217000000000.00,1870000000000.00,1590000000000.00,1570000000000.00,20433838200.00,2270000000000.00,-1300000000000.00,1220000000000.00,-5108320197.00,0.10,0.01,0.01,0.85
VVS,2024,281000000000.00,2320000000000.00,1960000000000.00,1950000000000.00,17267468004.00,3890000000000.00,211000000000.00,-72152071529.00,-63905996745.00,0.07,0.02,0.02,0.85
VVS,2025,572000000000.00,5120000000000.00,4460000000000.00,4460000000000.00,813036.00,8050000000000.00,2130000000000.00,-2420000000000.00,260000000000.00,0.07,0.04,0.05,0.87
ITD,2021,114000000000.00,605000000000.00,265000000000.00,256000000000.00,9322294468.00,425000000000.00,60136759015.00,37037828068.00,-56538969810.00,0.27,0.06,0.05,0.44
ITD,2022,129000000000.00,673000000000.00,270000000000.00,262000000000.00,8110082029.00,892000000000.00,53564878863.00,-80430967193.00,5752735616.00,0.14,0.08,0.10,0.40
ITD,2023,134000000000.00,628000000000.00,266000000000.00,258000000000.00,7745603184.00,494000000000.00,0.00,0.00,0.00,0.27,-0.09,-0.08,0.42
ITD,2024,146000000000.00,682000000000.00,322000000000.00,313000000000.00,8316996088.00,565000000000.00,-69014703316.00,82504364137.00,-5961137021.00,0.26,0.04,0.05,0.47
ITD,2025,228000000000.00,609000000000.00,136000000000.00,126000000000.00,9884819809.00,803000000000.00,175000000000.00,-86329697494.00,-92661541117.00,0.28,0.18,0.19,0.22
ICT,2021,163000000000.00,2100000000000.00,1390000000000.00,1390000000000.00,1713525661.00,2090000000000.00,344000000000.00,-1383955281.00,-180000000000.00,0.08,0.03,0.04,0.66
ICT,2022,80947311910.00,1450000000000.00,791000000000.00,790000000000.00,1136808318.00,1290000000000.00,-19170641737.00,24284619994.00,-257000000000.00,0.06,0.01,0.03,0.54
ICT,2023,114000000000.00,1440000000000.00,798000000000.00,795000000000.00,2991776656.00,1500000000000.00,11468693688.00,-15204269039.00,-102000000000.00,0.08,0.01,0.01,0.55
ICT,2024,128000000000.00,1480000000000.00,819000000000.00,814000000000.00,5457122281.00,1570000000000.00,370000000000.00,1496971305.00,-39659386863.00,0.08,0.02,0.02,0.56
ICT,2025,119000000000.00,1670000000000.00,1020000000000.00,1010000000000.00,6912810741.00,2110000000000.00,72391631471.00,9538828430.00,13638708448.00,0.06,0.02,0.00,0.61
CMG,2021,1040000000000.00,6000000000000.00,3410000000000.00,2520000000000.00,883000000000.00,5850000000000.00,547000000000.00,-663000000000.00,144000000000.00,0.18,0.05,0.06,0.57
CMG,2022,1420000000000.00,6920000000000.00,3850000000000.00,2880000000000.00,966000000000.00,7610000000000.00,474000000000.00,-506000000000.00,-2817319223.00,0.19,0.05,0.06,0.56
CMG,2023,1380000000000.00,7280000000000.00,4010000000000.00,3100000000000.00,910000000000.00,7500000000000.00,416000000000.00,-533000000000.00,361000000000.00,0.18,0.05,0.06,0.55
CMG,2024,1450000000000.00,7720000000000.00,4130000000000.00,3160000000000.00,970000000000.00,7930000000000.00,750000000000.00,-653000000000.00,-51963975463.00,0.00,0.00,0.00,0.00
CMG,2025,1700000000000.00,10000000000000.00,6060000000000.00,3620000000000.00,2430000000000.00,9110000000000.00,621000000000.00,-2590000000000.00,1760000000000.00,0.19,0.05,0.07,0.60
ELC,2021,129000000000.00,1150000000000.00,277000000000.00,268000000000.00,8973661733.00,659000000000.00,-97377574746.00,15311562683.00,-67467320583.00,0.20,0.08,0.09,0.24
ELC,2022,140000000000.00,1140000000000.00,233000000000.00,224000000000.00,9042784723.00,863000000000.00,-104000000000.00,26716550309.00,-4523948653.00,0.16,0.04,0.06,0.20
ELC,2023,194000000000.00,1820000000000.00,669000000000.00,585000000000.00,84380169293.00,980000000000.00,95834125431.00,5980751658.00,11510332011.00,0.20,0.09,0.10,0.37
ELC,2024,244000000000.00,1990000000000.00,741000000000.00,651000000000.00,90444268556.00,800000000000.00,140000000000.00,-2286940222.00,2611016680.00,0.31,0.12,0.15,0.37
ELC,2025,270000000000.00,2500000000000.00,949000000000.00,693000000000.00,256000000000.00,1520000000000.00,-305000000000.00,-139000000000.00,533000000000.00,0.18,0.08,0.10,0.38
FPT,2021,13600000000000.00,53700000000000.00,32300000000000.00,29800000000000.00,2520000000000.00,35700000000000.00,5840000000000.00,-10400000000000.00,5360000000000.00,0.38,0.15,0.17,0.60
FPT,2022,17200000000000.00,51700000000000.00,26300000000000.00,24500000000000.00,1770000000000.00,44000000000000.00,5050000000000.00,5760000000000.00,-9770000000000.00,0.39,0.15,0.17,0.51
FPT,2023,20300000000000.00,60300000000000.00,30300000000000.00,29700000000000.00,698000000000.00,52600000000000.00,9520000000000.00,-6550000000000.00,-1170000000000.00,0.39,0.15,0.17,0.50
FPT,2024,23700000000000.00,72000000000000.00,36300000000000.00,34800000000000.00,1440000000000.00,62800000000000.00,11700000000000.00,-8460000000000.00,-2200000000000.00,0.38,0.15,0.18,0.50
FPT,2025,25900000000000.00,88100000000000.00,44400000000000.00,41500000000000.00,2870000000000.00,70100000000000.00,10100000000000.00,-11600000000000.00,2800000000000.00,0.37,0.16,0.18,0.50
SAM,2021,80755846505.00,7540000000000.00,2950000000000.00,2170000000000.00,780000000000.00,1890000000000.00,-1040000000000.00,-246000000000.00,1830000000000.00,0.04,0.08,0.11,0.39
SAM,2022,165000000000.00,7240000000000.00,2630000000000.00,2090000000000.00,541000000000.00,2110000000000.00,433000000000.00,-723000000000.00,-212000000000.00,0.08,0.00,0.02,0.36
SAM,2023,157000000000.00,6590000000000.00,1990000000000.00,1720000000000.00,263000000000.00,2200000000000.00,232000000000.00,176000000000.00,-244000000000.00,0.07,0.02,0.03,0.30
SAM,2024,204000000000.00,6380000000000.00,1690000000000.00,1320000000000.00,375000000000.00,4040000000000.00,-216000000000.00,176000000000.00,107000000000.00,0.05,0.02,0.03,0.27
SAM,2025,209000000000.00,7170000000000.00,2410000000000.00,1660000000000.00,748000000000.00,6130000000000.00,-359000000000.00,-140000000000.00,453000000000.00,0.03,0.02,0.02,0.34
SGT,2021,191000000000.00,4420000000000.00,3370000000000.00,1400000000000.00,1980000000000.00,690000000000.00,-89357143801.00,-1580000000000.00,1630000000000.00,0.28,0.10,0.13,0.76
SGT,2022,341000000000.00,5490000000000.00,3630000000000.00,2430000000000.00,1200000000000.00,1450000000000.00,141000000000.00,498000000000.00,-636000000000.00,0.23,0.05,0.08,0.66
SGT,2023,259000000000.00,7150000000000.00,5180000000000.00,2400000000000.00,2790000000000.00,1310000000000.00,-1550000000000.00,29353164900.00,1530000000000.00,0.20,0.03,0.06,0.73
SGT,2024,508000000000.00,8240000000000.00,6150000000000.00,3500000000000.00,2650000000000.00,1840000000000.00,-34093603362.00,-161000000000.00,220000000000.00,0.28,0.07,0.12,0.75
SGT,2025,875000000000.00,7650000000000.00,5230000000000.00,3300000000000.00,1930000000000.00,1860000000000.00,36499502233.00,-130000000000.00,154000000000.00,0.47,0.18,0.27,0.68
ST8,2021,151000000000.00,473000000000.00,146000000000.00,141000000000.00,5140329608.00,785000000000.00,-37095299074.00,-23567287942.00,-847826995.00,0.19,0.02,0.02,0.31
ST8,2022,248000000000.00,312000000000.00,53653127196.00,53653127196.00,0.00,340000000000.00,-67504909758.00,498000000000.00,-219000000000.00,0.73,0.60,0.75,0.17
ST8,2023,2728714105.00,277000000000.00,4570072506.00,4570072506.00,0.00,13208736327.00,-186000000000.00,-50926339714.00,10000000000.00,0.21,0.29,0.50,0.02
ST8,2024,22804458307.00,518000000000.00,211000000000.00,207000000000.00,3602278147.00,473000000000.00,-207000000000.00,6732890215.00,173000000000.00,0.05,0.05,0.01,0.41
ST8,2025,5773903921.00,357000000000.00,67933841154.00,67933841154.00,0.00,316000000000.00,108000000000.00,-35942677041.00,-84225523432.00,0.02,-0.03,-0.03,0.19
BRC,2021,79522510623.00,311000000000.00,99808466453.00,99808466453.00,0.00,348000000000.00,14210598797.00,-15085450377.00,2018468726.00,0.23,0.06,0.08,0.32
BRC,2022,75150366548.00,309000000000.00,98933269429.00,98933269429.00,0.00,338000000000.00,16720642551.00,-2787095865.00,-5583584148.00,0.22,0.06,0.07,0.32
BRC,2023,71983670630.00,291000000000.00,80799953036.00,80799953036.00,0.00,332000000000.00,40011929783.00,-4016318270.00,-33090187119.00,0.22,0.06,0.07,0.28
BRC,2024,82616595048.00,309000000000.00,96508881762.00,96508881762.00,0.00,419000000000.00,22860615833.00,-5919620520.00,-13173397659.00,0.20,0.05,0.06,0.31
BRC,2025,68607724406.00,291000000000.00,79050728020.00,79050728020.00,0.00,437000000000.00,29498278778.00,-692332709.00,-31208510075.00,0.16,0.05,0.06,0.27
